phenocode	sex
AB1_ACTINOMYCOSIS	both
AB1_ACTINOMYCOSIS_WIDE	both
AB1_AMOEBIASIS	both
AB1_AMOEBIASIS_WIDE	both
AB1_ANOGENITAL_HERPES_SIMPLEX	both
AB1_ANOGENITAL_HERPES_SIMPLEX_WIDE	both
AB1_ANUG_WIDE	both
AB1_ARTHROPOD_WIDE	both
AB1_ASPERGILLOSIS	both
AB1_ATYPICAL_CNS_VIRUS	both
AB1_BACTINF_NOS	both
AB1_BACTINF_NOS_WIDE	both
AB1_BACT_BIR_OTHER_INF_AGENTS	both
AB1_BACT_BIR_OTHER_INF_AGENTS_WIDE	both
AB1_BACT_INTEST_OTH	both
AB1_BACT_INTEST_OTH_WIDE	both
AB1_CANDIDIASIS	both
AB1_CANDIDIASIS_WIDE	both
AB1_CHLAMYDIA_OTHER	both
AB1_CHLAMYDIA_OTHER_WIDE	both
AB1_CHLAMY_OTHER_WIDE	both
AB1_CHOLERA_WIDE	both
AB1_CHROMOMYCOCIS_WIDE	both
AB1_DENGUE_FEVER	both
AB1_DENGUE_FEVER_WIDE	both
AB1_DERMATOPHYTOSIS	both
AB1_DERMATOPHYTOSIS_WIDE	both
AB1_DIBTHERIA	both
AB1_DIBTHERIA_WIDE	both
AB1_EARLY_SYPHILIS	both
AB1_EARLY_SYPHILIS_WIDE	both
AB1_EBV	both
AB1_ENTEROBIASIS	both
AB1_ENTEROBIASIS_WIDE	both
AB1_ERYSIPELAS	both
AB1_ERYSIPELAS_WIDE	both
AB1_ERYSIPLEOID_WIDE	both
AB1_GASTROENTERITIS_NOS	both
AB1_GASTROENTERITIS_NOS_WIDE	both
AB1_GONOCOCCAL	both
AB1_GONOCOCCAL_WIDE	both
AB1_HELMINTHIASES_NOS_WIDE	both
AB1_HELMINTIASES	both
AB1_HELMINTIASES_WIDE	both
AB1_HEPATITIS_A	both
AB1_HEPATITIS_B	both
AB1_HERPES_SIMPLEX	both
AB1_HERPES_SIMPLEX_WIDE	both
AB1_HIV_INFECT_PARASITES	both
AB1_HIV_INFECT_PARASITES_WIDE	both
AB1_HIV_NOS	both
AB1_INFECT_PARASIT_WIDE	both
AB1_INTESTINAL_INFECTIONS	both
AB1_INTESTINAL_INFECTIONS_WIDE	both
AB1_INT_HELMINTIASES_NOS_WIDE	both
AB1_LATE_SYPHILIS	both
AB1_LATE_SYPHILIS_WIDE	both
AB1_LISTERIOSIS	both
AB1_LYME	both
AB1_MALARIA	both
AB1_MALARIA_FALCIPARIUM	both
AB1_MALARIA_NOS	both
AB1_MALARIA_NOS_WIDE	both
AB1_MEASLES	both
AB1_MENINGOCOCCAL	both
AB1_MUMPS	both
AB1_MYCOSES	both
AB1_MYCOSES_WIDE	both
AB1_MYSOSIS_NOS	both
AB1_MYSOSIS_NOS_WIDE	both
AB1_OTHER_BACTERIAL	both
AB1_OTHER_BACTERIAL_WIDE	both
AB1_OTHER_BACT_INOTHER	both
AB1_OTHER_BACT_INOTHER_WIDE	both
AB1_OTHER_CESTODE	both
AB1_OTHER_CHLAMYDIAE	both
AB1_OTHER_CHLAMYDIAE_WIDE	both
AB1_OTHER_CONDITIONS	both
AB1_OTHER_INFECTIONS	both
AB1_OTHER_INFECTIONS_WIDE	both
AB1_OTHER_INFESTATIONS	both
AB1_OTHER_INFESTATIONS_WIDE	both
AB1_OTHER_MOSQUITO_FEVER	both
AB1_OTHER_MOSQUITO_FEVER_WIDE	both
AB1_OTHER_MYCOBAC	both
AB1_OTHER_PROTOZOAL	both
AB1_OTHER_PROTOZOAL_WIDE	both
AB1_OTHER_SEPSIS	both
AB1_OTHER_SPIROCHAETAL	both
AB1_OTHER_SPIROCHAETAL_WIDE	both
AB1_OTHER_SUPERF_MYCOSIS	both
AB1_OTHER_SUPERF_MYCOSIS_WIDE	both
AB1_OTHER_VIRAL	both
AB1_OTHER_VIRAL_WIDE	both
AB1_OTHER_ZOONOTIC_WIDE	both
AB1_PARASITIC_NOS	both
AB1_PEDICULOSIS_ACARIASIS_OTHERINFEST	both
AB1_PEDICULOSIS_ACARIASIS_OTHERINFEST_WIDE	both
AB1_PEDICULOSIS_AND_PHTHIRIAASIS	both
AB1_PEDICULOSIS_AND_PHTHIRIAASIS_WIDE	both
AB1_PNEUMOCYSTOSIS	both
AB1_POLIOMYELITIS	both
AB1_PROTOZOAL	both
AB1_RELAP_FEVER	both
AB1_RELAP_FEVER_WIDE	both
AB1_RESP_TUBERCU_CONF	both
AB1_RESP_TUBERCU_NONCONF	both
AB1_RICKETTSIOSES	both
AB1_RICKETTSIOSES_WIDE	both
AB1_RUBELLA	both
AB1_SALMONELLA_OTH	both
AB1_SALMONELLA_OTH_WIDE	both
AB1_SCABIES	both
AB1_SCABIES_WIDE	both
AB1_SCARLET_FEVER	both
AB1_SCARLET_FEVER_WIDE	both
AB1_SCHISTOSOMIASIS_WIDE	both
AB1_SEPSIS_BACT_IMPL_WIDE	both
AB1_SEPSIS_CONDITION_WIDE	both
AB1_SEPSIS_FUNGAL_IMPL_WIDE	both
AB1_SEPSIS_IMPLICIT_WIDE	both
AB1_SEPSIS_PARAS_IMPL_WIDE	both
AB1_SEPSIS_VIRAL_IMPL_WIDE	both
AB1_SEQULAE_INF_NOS	both
AB1_SEQULAE_POLIO	both
AB1_SEQULAE_POLIO_WIDE	both
AB1_SEQULAE_TUBERCU	both
AB1_SEQULEAE_OF_INFECTIONS_AND_PARASITES	both
AB1_SEXUAL_TRANSMISSION	both
AB1_SEXUAL_TRANSMISSION_NOS	both
AB1_SEXUAL_TRANSMISSION_NOS_WIDE	both
AB1_SEXUAL_TRANSMISSION_WIDE	both
AB1_SHIGELLOSIS	both
AB1_SHIGELLOSIS_WIDE	both
AB1_SPIROCHE_OTHER_WIDE	both
AB1_STREPTO_SEPSIS	both
AB1_STREPTSTAPHYCOCC_INOTHER	both
AB1_STREPTSTAPHYCOCC_INOTHER_WIDE	both
AB1_SYPHILIS	both
AB1_SYPHILIS_NOS	both
AB1_SYPHILIS_NOS_WIDE	both
AB1_SYPHILIS_WIDE	both
AB1_TICK_BORNE_ENCEPHALITIS	both
AB1_TICK_BORNE_ENCEPHALITIS_WIDE	both
AB1_TOXOPLASMOSIS	both
AB1_TRICHOMONIASIS	both
AB1_TRICHOMONIASIS_WIDE	both
AB1_TUBERCULOSIS	both
AB1_TUBERCU_MILIARY	both
AB1_TUBERCU_OTH_ORG	both
AB1_TULARAEMIA	both
AB1_TULARAEMIA_WIDE	both
AB1_TYPHOIDPARATHYPHOID	both
AB1_TYPHOIDPARATHYPHOID_WIDE	both
AB1_VARICELLA	both
AB1_VARICELLA_WIDE	both
AB1_VIRAAL_CONJUNCT	both
AB1_VIRAAL_CONJUNCT_WIDE	both
AB1_VIRAL_CNS	both
AB1_VIRAL_CNS_WIDE	both
AB1_VIRAL_ENCEPHALITIS_NOS	both
AB1_VIRAL_HEMOR_FEVER_NOS	both
AB1_VIRAL_HEMOR_FEVER_NOS_WIDE	both
AB1_VIRAL_HEPATITIS	both
AB1_VIRAL_INOTHER	both
AB1_VIRAL_INOTHER_WIDE	both
AB1_VIRAL_MENINGITIS	both
AB1_VIRAL_NOS	both
AB1_VIRAL_NOS_WIDE	both
AB1_VIRAL_OTHER_INTEST_INFECTIONS	both
AB1_VIRAL_OTHER_INTEST_INFECTIONS_WIDE	both
AB1_VIRAL_SKIN_MUCOUS_MEMBRANE	both
AB1_VIRAL_SKIN_MUCOUS_MEMBRANE_WIDE	both
AB1_VIRAL_SKIN_NOS	both
AB1_VIRAL_SKIN_NOS_WIDE	both
AB1_VIRAL_WARTS	both
AB1_VIRAL_WARTS_WIDE	both
AB1_VIRAN_CNS_INFECTIONS_NOS	both
AB1_VIRAN_CNS_INFECTIONS_NOS_WIDE	both
AB1_WHOOPCOUGH	both
AB1_WHOOPCOUGH_WIDE	both
AB1_YAWNS_WIDE	both
AB1_ZOONOTIC_BACTERIAL	both
AB1_ZOONOTIC_BACTERIAL_WIDE	both
AB1_ZOSTER	both
AB1_ZOSTER_WIDE	both
ABDOM_HERNIA	both
ABDOM_HERNIA_POSTOP	both
ABPA	both
ACUTE_DRUGADVERS_INTERSTITIAL_LUNG_DISORD	both
AD_AM_EXMORE	both
AD_EO_EXMORE	both
AD_LO_EXMORE	both
AD_U_EXMORE	both
ALCODELIRIUM	both
ALCOHOLACUTE10	both
ALCOPANCACU	both
ALCOPANCCHRON	both
ALCO_PRESCRIPTION	both
ALLERGIC_CONTACT_DERMA_DRUGS_CONTACT_W_SKIN	both
ALLERG_ASTHMA	both
ALLERG_RHINITIS	both
AMN2	both
ANAPH_SHOCK_ADVER_EFFECT_CORRE_DRUG_MEDICAM_PROPE_ADMINISTE	both
ANOSMIA	both
ANTIDEPRESSANTS	both
APPENDACUT_COMPLIC	both
APPENDACUT_NOCOMPLIC	both
ARTHRO_SPEC	both
ARTRHO_POSTDYSENTERIC	both
ASTHMA_ACUTE_RESPIRATORY_INFECTIONS	both
ASTHMA_ALLERG	both
ASTHMA_CHILD_EXMORE	both
ASTHMA_EOSINOPHIL_SUGG	both
ASTHMA_INFECTIONS	both
ASTHMA_MIXED_EXMORE	both
ASTHMA_NAS	both
ASTHMA_OBESITY	both
ASTHMA_OPPORTUNIST_INFECTIONS	both
ASTHMA_PNEUMONIA	both
AUD	both
AUD_SWEDISH	both
AUTOHEP	both
AUTOIMMUNE	both
AUTOIMMUNE_HYPERTHYROIDISM	both
AUTOIMMUNE_NONTHYROID	both
BACT_INTEST_INFECTION_NOS	both
BLEEDING	both
BMI_IRN	both
BRONCHITIS	both
C3_ACCESSORY_SINUS_WIDE	both
C3_ADRENAL_GLAND_WIDE	both
C3_ALL_WIDE	both
C3_AML_MDS	both
C3_AML_WIDE	both
C3_ANUS_ANALCANAL_WIDE	both
C3_ASTROCYTOMA_WIDE	both
C3_BASAL_CELL_CARCINOMA_WIDE	both
C3_BASEOFTONGUE_WIDE	both
C3_BILIARY_GALLBLADDER_WIDE	both
C3_BLADDER_WIDE	both
C3_BONE_CARTILAGE	both
C3_BRAIN_WIDE	both
C3_BREAST_ERNEG_WIDE	female
C3_BREAST_ERPLUS_WIDE	female
C3_BREAST_WIDE	female
C3_BRONCHUS_LUNG_WIDE	both
C3_CANCER	both
C3_CANCER_WIDE	both
C3_CERVIX_ADENO	female
C3_CERVIX_SQUAM	female
C3_CERVIX_UTERI_WIDE	female
C3_CHONDROSARCOMA_WIDE	both
C3_CIRCULATING_LYMPHOID	both
C3_CIRCULATING_LYMPHOID_WIDE	both
C3_CLL_WIDE	both
C3_CML_WIDE	both
C3_COLON_ADENO	both
C3_COLON_WIDE	both
C3_COLORECTAL	both
C3_COLORECTAL_ADENO	both
C3_COLORECTAL_NEUROENDO	both
C3_CORPUS_UTERI_WIDE	female
C3_DIGESTIVE_ORGANS	both
C3_DLBCL_WIDE	both
C3_ENDOCRINE	both
C3_EPENDYDOMA	both
C3_EYE_ADNEXA_WIDE	both
C3_EYE_BRAIN_NEURO	both
C3_FEMALE_GENITAL	female
C3_FIBROSARCOMA_WIDE	both
C3_GALLBLADDER_WIDE	both
C3_GASTRINT_STROM	both
C3_GBM	both
C3_GBM_ASTROCYTOMA	both
C3_GUM_WIDE	both
C3_HEAD_AND_NECK	both
C3_HEPATOCELLU_CARC_WIDE	both
C3_HYPOPHARYNX_WIDE	both
C3_KAPOSI_SARCOMA_WIDE	both
C3_KIDNEY_CHROMOPHOBE	both
C3_KIDNEY_CLEAR_CELL_CARCINOMA	both
C3_KIDNEY_NOTRENALPELVIS_WIDE	both
C3_KIDNEY_PAPILLARYADENO	both
C3_LARYNX_WIDE	both
C3_LEIOMYOSARCOMA_WIDE	both
C3_LIPOSARCOMA_WIDE	both
C3_LIP_WIDE	both
C3_LIQUID_CANCER	both
C3_LUNG_NEUROENDO	both
C3_LUNG_NONSMALL_WIDE	both
C3_MACROGLOBULINEMIA_WIDE	both
C3_MALE_GENITAL	both
C3_MANTLE_CELL_LYMPHOMA_WIDE	both
C3_MARGINAL_ZONE_LYMPHOMA_WIDE	both
C3_MELANOMA_SKIN_WIDE	both
C3_MELANOMA_WIDE	both
C3_MENINGES_WIDE	both
C3_MENINGIOMA_WIDE	both
C3_MESOTHELIOMA_WIDE	both
C3_MESTOTHEL_SOFTTISSUE	both
C3_MGUS_WIDE	both
C3_MULT_MYELOMA_WIDE	both
C3_MYELODYSP_SYNDR_WIDE	both
C3_MYELOMA_MONOCLONAL	both
C3_NASAL_CAVITY_SINUSES_WIDE	both
C3_NASOPHARYNX_WIDE	both
C3_NONHODGKIN_WIDE	both
C3_NSCLC_ADENO	both
C3_NSCLC_SQUAM	both
C3_OESOPHAGUS_WIDE	both
C3_ORALCAVITY_WIDE	both
C3_OROPHARYNG_WIDE	both
C3_OROPHARYNX_WIDE	both
C3_OSTEOSARCOMA_WIDE	both
C3_OTHER_SKIN_WIDE	both
C3_OVARY_ENDOMETROID	female
C3_OVARY_ENDOMETROID_WIDE	female
C3_OVARY_GRANULOSA	female
C3_OVARY_MUCINO	both
C3_OVARY_MUCINO_WIDE	both
C3_OVARY_SEROUS	female
C3_OVARY_SEROUS_WIDE	female
C3_OVARY_WIDE	female
C3_PALATE_WIDE	both
C3_PANCREAS_ADENO	both
C3_PANCREAS_ADENO_DUCTAL	both
C3_PANCREAS_DUCTAL	both
C3_PANCREAS_NEUROENDOCRINE	both
C3_PANCREAS_WIDE	both
C3_PAROTIDGLAND_WIDE	both
C3_PENIS_WIDE	male
C3_PERIPHERAL_NERVES_AUTONOMIC3_NERVESYSTEM_WIDE	both
C3_PROSTATE_WIDE	male
C3_RECTOSIGMOID_JUNCTION_WIDE	both
C3_RECTUM_ADENO	both
C3_RECTUM_ADENO_MUCINO	both
C3_RECTUM_MUCINO	both
C3_RECTUM_NEUROENDOCRINE	both
C3_RECTUM_WIDE	both
C3_RENAL_CELL_CARCINOMA	both
C3_RENAL_PELVIS_WIDE	both
C3_RESPIRATORY_INTRATHORACIC	both
C3_RETROPERITONEUM_PERITONEUM_WIDE	both
C3_RHABDOMYOSARCOMA_WIDE	both
C3_SCLC_WIDE	both
C3_SKIN	both
C3_SMALL_INTESTINE_ADENO	both
C3_SMALL_INTESTINE_NEUROENDOCRINE	both
C3_SMALL_INTESTINE_WIDE	both
C3_SOLID_CANCER	both
C3_SPINAL_CORD_CRANIAL_AND_OTHER_CNS_WIDE	both
C3_SQUAMOUS_CELL_CARCINOMA_SKIN	both
C3_SQUAMOUS_CELL_CARCINOMA_SKIN_WIDE	both
C3_STOMACH_ADENO	both
C3_STOMACH_NEUROENDOCRINE	both
C3_STOMACH_WIDE	both
C3_TESTIS_NONSEMINOMA_WIDE	male
C3_TESTIS_SEMINOMA_WIDE	male
C3_TESTIS_WIDE	male
C3_THYMUS_WIDE	both
C3_THYROID_FOLLICULAR_WIDE	both
C3_THYROID_GLAND_WIDE	both
C3_THYROID_MEDULLARY_WIDE	both
C3_THYROID_PAPILLARY_ADENO	both
C3_TONGUE_WIDE	both
C3_TONSIL	both
C3_TONSIL_BASEOFTONGUE	both
C3_TONSIL_BASEOFTONGUE_WIDE	both
C3_UNCERTAIN_SECONDARY	both
C3_URETER_WIDE	both
C3_URINARY_TRACT	both
C3_VAGINA_WIDE	female
C3_VULVA_WIDE	female
C3_WILMS_TUMOR_WIDE	both
CAMPYLOENTERITIS	both
CARDIAC_ARRHYTM	both
CARDIOMYOPATHY_DRUGS_OTHER_EXTER_AGENTS	both
CD2_BENIGN	both
CD2_BENIGN_ADRENAL	both
CD2_BENIGN_ANUS_ANAL_CANAL	both
CD2_BENIGN_APPENDIX	both
CD2_BENIGN_ASCENDING_COLON	both
CD2_BENIGN_BLADDER	both
CD2_BENIGN_BONE_CARTILAGE	both
CD2_BENIGN_BONE_CARTILAGE_NOS	both
CD2_BENIGN_BONE_LONG_LOWER	both
CD2_BENIGN_BONE_LOWER_JAW	both
CD2_BENIGN_BONE_SCAPULA_LONG_UPPER	both
CD2_BENIGN_BONE_SHORT_LOWER	both
CD2_BENIGN_BONE_SHORT_UPPER	both
CD2_BENIGN_BONE_SKULL_FACE	both
CD2_BENIGN_BRAIN_CNS	both
CD2_BENIGN_BRAIN_INFRATENT	both
CD2_BENIGN_BRAIN_NOS	both
CD2_BENIGN_BRAIN_SUPRATENT	both
CD2_BENIGN_BREAST	female
CD2_BENIGN_BRONCHUS_LUNG	both
CD2_BENIGN_CAECUM	both
CD2_BENIGN_CAROTIDBODY	both
CD2_BENIGN_CERVIX_UTERI	female
CD2_BENIGN_CHOROID	both
CD2_BENIGN_CILIARY	both
CD2_BENIGN_CNS_NOS	both
CD2_BENIGN_COLON	both
CD2_BENIGN_COLON_NOS	both
CD2_BENIGN_COLORECANI	both
CD2_BENIGN_CONJUNCTIVA	both
CD2_BENIGN_CONNECTIVE_SOFT	both
CD2_BENIGN_CONNSOFT_ABD	both
CD2_BENIGN_CONNSOFT_PELVIS	both
CD2_BENIGN_CONNSOFT_THX	both
CD2_BENIGN_CONNSOFT_TRUNK	both
CD2_BENIGN_CONNSOFT_UPPERLIMB	both
CD2_BENIGN_CORNEA	both
CD2_BENIGN_CORPUS_UTERI	female
CD2_BENIGN_CRANIAL_NERVE	both
CD2_BENIGN_DESCENDING_COLON	both
CD2_BENIGN_DIGESTIVE_NOS	both
CD2_BENIGN_DUODENUM	both
CD2_BENIGN_EAR_NASAL_SINUS	both
CD2_BENIGN_EAR_RESP	both
CD2_BENIGN_ENDOCRINE_NOS	both
CD2_BENIGN_ENDOCRINE_OTH	both
CD2_BENIGN_ENDOCRINE_PANCREAS	both
CD2_BENIGN_EPIDIDYMIS	male
CD2_BENIGN_EXTRAHEPATIC_BILE	both
CD2_BENIGN_EYE	both
CD2_BENIGN_FEMALE_GEN_NOS	female
CD2_BENIGN_FEMALE_GEN_OTH	female
CD2_BENIGN_FLOOROFMOUTH	both
CD2_BENIGN_HEAMANGIOMA_LYMPHANGIOMA	both
CD2_BENIGN_HEART	both
CD2_BENIGN_HEMANGIOMA	both
CD2_BENIGN_HYPOPHARYNX	both
CD2_BENIGN_INTRATHORACIC	both
CD2_BENIGN_INTRATHORACIC_NOS	both
CD2_BENIGN_KIDNEY	both
CD2_BENIGN_LARYNX	both
CD2_BENIGN_LEIOMYOMA_UTERI	female
CD2_BENIGN_LIP	both
CD2_BENIGN_LIPOMATOUS	both
CD2_BENIGN_LIPO_INTRATHO	both
CD2_BENIGN_LIPO_NOS	both
CD2_BENIGN_LIPO_SKIN_HEADFACENECK	both
CD2_BENIGN_LIPO_SKIN_LIMBS	both
CD2_BENIGN_LIPO_SKIN_NOS	both
CD2_BENIGN_LIPO_SKIN_TRUNK	both
CD2_BENIGN_LIVER	both
CD2_BENIGN_LIVE_BILE	both
CD2_BENIGN_LYMPHANGIOMA	both
CD2_BENIGN_LYMPHNODES	both
CD2_BENIGN_MALE_GEN	both
CD2_BENIGN_MEDIASTINUM	both
CD2_BENIGN_MELANOCYTIC	both
CD2_BENIGN_MELANOCYTIC_EAR	both
CD2_BENIGN_MELANOCYTIC_EYELID	both
CD2_BENIGN_MELANOCYTIC_FACE	both
CD2_BENIGN_MELANOCYTIC_LIP	both
CD2_BENIGN_MELANOCYTIC_LOWERLIMB	both
CD2_BENIGN_MELANOCYTIC_NOS	both
CD2_BENIGN_MELANOCYTIC_SCALPNECK	both
CD2_BENIGN_MELANOCYTIC_TRUNK	both
CD2_BENIGN_MELANOCYTIC_UPPERLIMB	both
CD2_BENIGN_MENINGES	both
CD2_BENIGN_MENINGES_CEREBRAL	both
CD2_BENIGN_MENINGES_NOS	both
CD2_BENIGN_MENINGES_SPINAL	both
CD2_BENIGN_MOUTH_NOS	both
CD2_BENIGN_MOUTH_PHARYNX	both
CD2_BENIGN_NASOPHARYNX	both
CD2_BENIGN_NOS	both
CD2_BENIGN_OESOPHAGUS	both
CD2_BENIGN_ORBIT_NOS	both
CD2_BENIGN_OROPHA_OTHER	both
CD2_BENIGN_OTHERDIGESTIVE	both
CD2_BENIGN_OTHER_NOS	both
CD2_BENIGN_OVARY	female
CD2_BENIGN_PANCREAS	both
CD2_BENIGN_PARATHYROID	both
CD2_BENIGN_PAROTID	both
CD2_BENIGN_PELVIC_BONES_SACRUM_COCCYX	both
CD2_BENIGN_PENIS	male
CD2_BENIGN_PERIPH_AUTO_NEURO	both
CD2_BENIGN_PHARYNX_NOS	both
CD2_BENIGN_PINEAL	both
CD2_BENIGN_PITUITARY_CRANIPHAR	both
CD2_BENIGN_PROSTATE	male
CD2_BENIGN_RECTOSIGMOID_JUNC	both
CD2_BENIGN_RECTUM	both
CD2_BENIGN_RECTUM_ANAL	both
CD2_BENIGN_RENALPELVIS	both
CD2_BENIGN_RESPIRATORY_NOS	both
CD2_BENIGN_RETINA	both
CD2_BENIGN_RETROPERITONEUM_PERITONEUM	both
CD2_BENIGN_RIBS_STERNUM_CLAVICLE	both
CD2_BENIGN_SALIVARY	both
CD2_BENIGN_SALIVARY_KNOWN	both
CD2_BENIGN_SALIVARY_NOS	both
CD2_BENIGN_SCROTUM	male
CD2_BENIGN_SIGMOID_COLON	both
CD2_BENIGN_SKIN	both
CD2_BENIGN_SMALL_INTESTINE	both
CD2_BENIGN_SMALL_INTESTINE_OTH	both
CD2_BENIGN_SPINAL_CORD	both
CD2_BENIGN_STOMACH	both
CD2_BENIGN_TESTIS	male
CD2_BENIGN_THYMUS	both
CD2_BENIGN_THYROID	both
CD2_BENIGN_TONGUE	both
CD2_BENIGN_TONSIL	both
CD2_BENIGN_TRANSVERSE_COLON	both
CD2_BENIGN_URINARY	both
CD2_BENIGN_URINARY_NOS	both
CD2_BENIGN_UTERINE_TUBES_LIGAMENTS	female
CD2_BENIGN_UTERUS_NOS	female
CD2_BENIGN_UTERUS_OTH	female
CD2_BENIGN_VAGINA	female
CD2_BENIGN_VULVA	female
CD2_EYE_NOS	both
CD2_INSITU	both
CD2_INSITU_BLADDER	both
CD2_INSITU_BREAST	female
CD2_INSITU_BREAST_INTRADUCTAL	female
CD2_INSITU_BREAST_LOBULAR	female
CD2_INSITU_BREAST_NOS	female
CD2_INSITU_CERVIX_UTERI	female
CD2_INSITU_CERVIX_UTERI_ENDOCERVIX	female
CD2_INSITU_CERVIX_UTERI_EXOCERVIX	female
CD2_INSITU_CERVIX_UTERI_NOS	female
CD2_INSITU_COLON	both
CD2_INSITU_DIGESTIVE	both
CD2_INSITU_EAR_RESP	both
CD2_INSITU_ENDOMETRIUM	both
CD2_INSITU_GENITAL	both
CD2_INSITU_LARYNX	both
CD2_INSITU_LIPORALPHARYNX	both
CD2_INSITU_MELANOMA	both
CD2_INSITU_MELANOMA_FACE	both
CD2_INSITU_MELANOMA_LOWERLIMB	both
CD2_INSITU_MELANOMA_NOS	both
CD2_INSITU_MELANOMA_SCALPNECK	both
CD2_INSITU_MELANOMA_TRUNK	both
CD2_INSITU_MELANOMA_UPPERLIMB	both
CD2_INSITU_ORAL	both
CD2_INSITU_ORALCAVITY	both
CD2_INSITU_OROPHARYNX	both
CD2_INSITU_OTHER_NOS	both
CD2_INSITU_PENIS	male
CD2_INSITU_PROSTATE	male
CD2_INSITU_RECTUM	both
CD2_INSITU_SKIN	both
CD2_INSITU_SKIN_EAR	both
CD2_INSITU_SKIN_EYELID	both
CD2_INSITU_SKIN_FACE	both
CD2_INSITU_SKIN_LIP	both
CD2_INSITU_SKIN_LOWERLIMB	both
CD2_INSITU_SKIN_NOS	both
CD2_INSITU_SKIN_SCALPNECK	both
CD2_INSITU_SKIN_TRUNK	both
CD2_INSITU_SKIN_UPPERLIMB	both
CD2_INSITU_VAGINA	female
CD2_INSITU_VULVA	female
CHARCOT	both
CHILDHOOD_ALLERGY	both
CHIRBIL_NAS	both
CHIRBIL_PRIM	both
CHIRHEP_NAS	both
CHONDRO_OTH	both
CHRONHEP_NAS	both
CHRONIC_DRUGADVERS_INTERSTITIAL_LUNG_DISORD	both
CHRONLARGE	both
CHRONMYELOPRO	both
CHRONNAS	both
CHRONOTH	both
CHRONSMALL	both
CHRYSTAL_NOS	both
CIRRHOSIS_BROAD	both
CML	both
CMV_HEPATITIS	both
CMV_NOS	both
CMV_PNEUMONIA	both
COLONPSEUDOP	both
CONGEN_HEART_ARTER	both
COPD_EARLY	both
COPD_INSUFFICIENCY	both
COPD_LATER	both
COPD_OPPORTUNIST_INFECTIONS	both
CPAP	both
CREST	both
CROHN_ARTHR	both
CURRENT_SMOKER	both
C_DIFFICILE_ENTEROCOLITIS	both
C_STROKE	both
D3_ACQCOAFACDEF	both
D3_ACQHAEMOLYTICANAEMIA	both
D3_ACQHAEMOLYTICANAEMIANAS	both
D3_ACQPUREREDCLLAPLASIA	both
D3_ACUTEPOSTBLEEDANAEMIA	both
D3_AGRANULOCYTOSIS	both
D3_AIHA_OTHER	both
D3_ALLERGPURPURA	both
D3_ANAEMIA	both
D3_ANAEMIAINCHRONICDISEASE	both
D3_ANAEMIANAS	both
D3_ANAEMIA_B12_DEF	both
D3_ANAEMIA_FOLATEDEF	both
D3_ANAEMIA_IRONDEF	both
D3_ANAEMIA_IRONDEF_BLOODLOSS	both
D3_ANAEMIA_IRONDEF_NAS	both
D3_BLOODNAS	both
D3_BLOODOTHER	both
D3_COAGDEF	both
D3_COAGDEFNAS	both
D3_COAGDEF_PURPUR_HAEMORRHAGIC	both
D3_COAGOTHER	both
D3_COMBIMMUDEF	both
D3_COMPLEMENTDEF	both
D3_CRYOGLOBU	both
D3_CVID	both
D3_CVIDNAS	both
D3_CVID_BCELL	both
D3_CYCLIC_NEUTROPENIA	both
D3_CYSTSPLEEN	both
D3_DEF_IGG	both
D3_DEF_IIGA	both
D3_DISSEINTRAVASCCOAG	both
D3_FAMIERYTHROCYTOCIS	both
D3_HAEMOLYTICANAEMIA	both
D3_HAEMORRHAGCIRGUANTICO	both
D3_HAEMORRHAGICNAS	both
D3_HEREDFVIIIDEF	both
D3_HEREDHAEMOLYTICANAEMIAOTHER	both
D3_HEREDHYPOGAMMA	both
D3_HEREDOTHCLOFACTORS	both
D3_HERESPHERO	both
D3_HYPERSPLENISM	both
D3_IMMUDEF	both
D3_IMMUDEFANTIBODY	both
D3_IMMUDEFANTIBODYNAS	both
D3_IMMUDEFNAS	both
D3_IMMUDEFOTHER	both
D3_IMMUDEFWITHMAJORDEF	both
D3_IMMUNEMECHANISM	both
D3_INFARCTSPLEEN	both
D3_ITP	both
D3_KELA_IMMUDEF	both
D3_NEFELOF	both
D3_NOCT_HAEMOGLOBINURIA	both
D3_NONAIHA_OTHER	both
D3_NONHEREDHYPOGAMMA	both
D3_NUTRIANAEMIAOTHER	both
D3_OTHDISLYMPHORETANDRETICULOHIST	both
D3_OTHERAPLASTICANAEMIA	both
D3_OTHERBLOOD	both
D3_OTHERWHITECELL	both
D3_OTHHAEMOGLOPAT	both
D3_OTHNONTHROMBOCYTOPENPURPURA	both
D3_OTHPRIMTHROMBOCYTOPENIA	both
D3_PURPURA_AND3_OTHER_HAEMORRHAGIC	both
D3_QUALIPATELETDEF	both
D3_SARCOIDOSIS	both
D3_SCIDA	both
D3_SCNDPOLYCYTHAEMIA	both
D3_SCNDTHROMBOCYTOPENIA	both
D3_SICKLECELLDIS	both
D3_SIDEROANAEMIAHERED	both
D3_SIDEROANAMIEAOTHER	both
D3_SIDEROANASCND	both
D3_SPLEENDISEASE	both
D3_SPLEENNAS	both
D3_THALASSAEMIA	both
D3_THROMBOCYTOPENIANAS	both
D3_VITAMIN_B12_DEFICIENCY_ANEMIA_DUE_TO_INTRINSIC_FACTOR_DEFICIENCY	both
D3_VONVILLEBRAND	both
D3_WHITEBLOODCELLNAS	both
DERMATOPOLY_FG	both
DM_MACULOPATHY	both
DM_NEOVASCULAR_GLAUCOMA	both
DM_NEPHROPATHY	both
DM_NEPHROPATHY_EXMORE	both
DM_NEUROPATHY	both
DM_RETINOPATHY	both
DM_RETINOPATHY_EXMORE	both
DM_RETINOPATHY_STRICT	both
DRUGADVERS_ACUTE_PANCREATIT	both
DRUGADVERS_ADRENOCORTICAL_INSUFFICIENCY	both
DRUGADVERS_APLAST_ANAEM	both
DRUGADVERS_CATAR	both
DRUGADVERS_DYSTON	both
DRUGADVERS_GOUT	both
DRUGADVERS_HEADA_NOT_ELSEW_CLASSIFIED	both
DRUGADVERS_INTERSTITIAL_LUNG_DISORD_UNSPE	both
DRUGADVERS_NEUTROPENIA	both
DRUGADVERS_OSTEOPO	both
DRUGADVERS_SYSTEMIC_LUPUS_ERYTHEMAT	both
DRUGADVERS_TREMOR	both
DRY_AMD	both
DUODENAL_ULCER_ACUTE_W_HAEMORRHAGE	both
DUODENAL_ULCER_UNSPE_ACUTE_CHRONIC_WO_HAEMORRHAGE_PERFORATION	both
E4_ACIDOSIS	both
E4_ACROMEG	both
E4_ADDISON	both
E4_ADREACT	both
E4_ADREMEDHYPER	both
E4_ADRENAS	both
E4_ADRENOGEN	both
E4_ALKALOSIS	both
E4_AMINO	both
E4_AMINOTRANSPORT	both
E4_AMYLNAS	both
E4_AMYL_ORGAN	both
E4_AMYL_SCNDSYST	both
E4_ANTIDIU	both
E4_AROMAMINO	both
E4_ATROTHY	both
E4_AUTOPOLYFAI	both
E4_CARBO	both
E4_CARBONAS	both
E4_CARCISDR	both
E4_CENTRAL_NERVOUS_SYSTEM_DISORDER_CAUSING_PRECOCIOUS_PUBERTY	both
E4_CONGEIOD	both
E4_CONGENITAL_HYPOTHYROIDISM_WITHOUT_GOITER	both
E4_CORTICOTROPIN_DEFICIENCY	both
E4_CUSHING	both
E4_CYSTFIBRO	both
E4_CYSTFIBRO_INT	both
E4_CYSTFIBRO_NAS	both
E4_DELPUB	both
E4_DIABINSIPIDUS	both
E4_DISPUB	both
E4_DYSPOLYGL	both
E4_ENDINOTH	both
E4_ENDODIS	both
E4_ENDODISNAS	both
E4_ENDOGLAND	both
E4_ENDOMETPOSTOP	both
E4_FABRY_KIDNEY	both
E4_FE_DEF	both
E4_FH	both
E4_FH_IHD	both
E4_FLUIDELECTRO	both
E4_FLUIDELECTRONAS	both
E4_FLUIDOVER	both
E4_GILBERT	both
E4_GLUCOPANCREAS	both
E4_GOITREDIFF	both
E4_GOITREMULTINOD	both
E4_GOITRENAS	both
E4_GOITRENOD	both
E4_GRAVES_OPHT_STRICT	both
E4_GRAVES_STRICT	both
E4_HYPERALDO	both
E4_HYPERALI	both
E4_HYPERALISEQ	both
E4_HYPERCALCEMIA	both
E4_HYPERCHOL	both
E4_HYPERCHYLO	both
E4_HYPERGLYCER	both
E4_HYPERKALAEMIA	both
E4_HYPERLIPMIX	both
E4_HYPERLIPNAS	both
E4_HYPEROSMHNAT	both
E4_HYPERPARA	both
E4_HYPERPIT	both
E4_HYPERPITNAS	both
E4_HYPERPRO	both
E4_HYPERPRO_ADVERSE	both
E4_HYPERURI	both
E4_HYPOCALCEMIA	both
E4_HYPOCOMA	both
E4_HYPODRUG	both
E4_HYPOGONADOTROPIC_HYPOGONADISM	both
E4_HYPOKALAEMIA	both
E4_HYPOOSMNAT	both
E4_HYPOPARA	both
E4_HYPOPIT	both
E4_HYPOTHALDYSF	both
E4_HYTHYPOSTINF	both
E4_HYTHYSUBS	both
E4_HYTHY_AI_DX	both
E4_HYTHY_AI_STRICT	both
E4_IDIOPATHIC_HYPERCALCIURIA	both
E4_IDIOPATHIC_HYPOPARATHYROIDISM	both
E4_IODHYPSUB	both
E4_IRON_MET	both
E4_ISOLATED_GROWTH_HORMONE_DEFICIENCY	both
E4_KWASHIORKOR	both
E4_LACTOCON	both
E4_LACTONAS	both
E4_LIPODEF	both
E4_LIPODYST	both
E4_LIPOMATOSIS	both
E4_LIPOPROT	both
E4_LIPOPROTNAS	both
E4_LOCALADIP	both
E4_MALNUTRITION	both
E4_MARAKWASH	both
E4_MARASMUS	both
E4_MERETOJA_DISEASE	both
E4_METABOLIA	both
E4_METABONAS	both
E4_MG_DEF	both
E4_MG_MET	both
E4_MINERAL_MET	both
E4_MINERAL_METNAS	both
E4_NONTOXIC_THYROID	both
E4_NUTRI_DEF_NAS	both
E4_OBESITY	both
E4_OBESITYCAL	both
E4_OBESITYDRUG	both
E4_OBESITYNAS	both
E4_OBESITYXTRMALV	both
E4_ODANDRO	female
E4_OVARDYS	female
E4_OVARDYSNAS	female
E4_OVARFAIL	female
E4_PANCSECNAS	both
E4_PANHYPOPITUITARISM	both
E4_PARANAS	both
E4_PARATHYRO	both
E4_PCOS	female
E4_PCOS_BROAD	female
E4_PCOS_CONCORTIUM	female
E4_PHOS_MET	both
E4_PITUDISNAS	both
E4_PITUITARY_DEPENDENT_CUSHINGS_DISEASE	both
E4_PLASMAPROT	both
E4_PORBILIR	both
E4_PORBILIRNAS	both
E4_PORPHYNAS	both
E4_PRECOXCENTPUB	both
E4_PREPUB	both
E4_PRIMARY_ADRENOCORTICAL_INSUFFICIENCY	both
E4_PRIMARY_HYPERPARATHYROIDISM	both
E4_PROTMALMODMILD	both
E4_PROTMALNAS	both
E4_PROTMALSEVERNAS	both
E4_PUBDISNAS	both
E4_SEQUMAL	both
E4_SHORT_STATURE_STARTING_BEFORE_BIRTH	female
E4_SPHIGLOLIPNAS	both
E4_SPHINGOLIP	both
E4_TESTICDYSNAS	male
E4_TESTICHYPO	male
E4_THIA_DEF	both
E4_THYCRISIS	both
E4_THYMUSDIS	both
E4_THYMUSDISNAS	both
E4_THYROID	both
E4_THYROIDITACU	both
E4_THYROIDITAUTOIM	both
E4_THYROIDITCHRON	both
E4_THYROIDITDRUG	both
E4_THYROIDITNAS	both
E4_THYROIDITSUBAC	both
E4_THYROIDNASOTH	both
E4_THYROTROPIN_DEFICIENCY	both
E4_THYTOXFAC	both
E4_THYTOXGOITDIF	both
E4_THYTOXGOITMULT	both
E4_THYTOXNOD	both
E4_VIT_A_DEF	both
E4_VIT_B_DEF	both
E4_VIT_D_DEF	both
E4_VOLUME	both
EHEC	both
ENTEROPATH_E_COLI	both
EOSINOPHIL_DISEASE	both
EPILEPTIC_SEIZU_RELATED_DRUGS	both
EPISEIZALCO	both
ERECTILE_DYSFUNCTION	both
EVER_SMOKER	both
F5_ADHD	both
F5_AGORAPHOBIA	both
F5_ALCOHOLAC	both
F5_ALCOHOL_DEPENDENCE	both
F5_ALLANXIOUS	both
F5_ALZHDEMENT	both
F5_ANAPER	both
F5_ANOREX	both
F5_ANXIETY	both
F5_ANXPER	both
F5_BEHAVE	both
F5_BEHEMOCHILD	both
F5_BIPO	both
F5_BULIMIA	both
F5_CANNABIS	both
F5_COCAINE	both
F5_DELIRIUM	both
F5_DELUSIO	both
F5_DEMENTIA	both
F5_DEMENTIA_INCLAVO	both
F5_DEMINOTH	both
F5_DEMNAS	both
F5_DEPPER	both
F5_DEPRESSIO	both
F5_DEPRESSION_DYSTHYMIA	both
F5_DEPRESSION_PSYCHOTIC	both
F5_DEPRESSION_RECURRENT	both
F5_DISPER	both
F5_DISSOCIATIVE	both
F5_EATOTH	both
F5_EMOCHILD	both
F5_EMOPER	both
F5_GAD	both
F5_GENDER	both
F5_HABIT	both
F5_HALLUCIN	both
F5_HISPER	both
F5_HYPERKIN	both
F5_HYPERSOMNIA	both
F5_INSOMNIA	both
F5_KELAMENT	both
F5_KELARET	both
F5_MANIA	both
F5_MENTALUNSPE	both
F5_MENTORG	both
F5_MILDRET	both
F5_MIXEDDEV	both
F5_MIXPER	both
F5_MODRET	both
F5_MOOD	both
F5_MOODOTH	both
F5_NEUROTICOTH	both
F5_NIGHTMARES	both
F5_OCD	both
F5_OPIOIDS	both
F5_OTHERSUB	both
F5_OTHPER	both
F5_OTHRET	both
F5_PANIC	both
F5_PARAPER	both
F5_PERSBEHORG	both
F5_PERSMOOD	both
F5_PERSOCHANGE	both
F5_PERSOTH	both
F5_PERVASIVE	both
F5_PHOBANX	both
F5_PHYSBEHOTH	both
F5_PSYCHDEV	both
F5_PSYCHDEVOTH	both
F5_PSYCHOTH	both
F5_PSYTRANS	both
F5_PTSD	both
F5_SCHIZOAFF	both
F5_SCHIZOTYP	both
F5_SCHIZPER	both
F5_SCHOLA	both
F5_SCHZPHR	both
F5_SEDAHYP	both
F5_SEVRET	both
F5_SEXDYS	both
F5_SEXPREF	both
F5_SEXUAL	both
F5_SLEEPTERRORS	both
F5_SLEEPWAKE	both
F5_SLEEPWALKING	both
F5_SLEEP_NOS	both
F5_SOCPHOB	both
F5_SOLVENT	both
F5_SOMATOFORM	both
F5_SPEECH	both
F5_STIMUL	both
F5_STRESSOTH	both
F5_SUBSNOALCO	both
F5_UNSORG	both
F5_VASCDEM	both
FALLS	both
FE	both
FELTY	both
FEMHER_BILATERAL	both
FE_MODE	both
FE_STRICT	both
FG_CARDMYO	both
FG_CVD	both
FG_DOAAC	both
FG_OTHHEART	both
FIBROLIV	both
FOOD_ALLERGY	both
FTD	both
G6_ADEM	both
G6_AD_STRICT	both
G6_ALCODEGEN	both
G6_ALCOPOLY	both
G6_ALS	both
G6_ALZHEIMER	both
G6_ANOXBRAINDAM	both
G6_ATROPHCIRCUM	both
G6_ATYFAC	both
G6_AUTONOM	both
G6_AUTOTHUNS	both
G6_BASDEGENOTH	both
G6_BELLPA	both
G6_BENIGN_MUSCULAR_DYSTROPHY	both
G6_BENINTRAHYP	both
G6_BLEPHAROSPASM	both
G6_BRACHPLE	both
G6_CARPTU	both
G6_CAUDA	both
G6_CAUSALGIA	both
G6_CERCYST	both
G6_CEROEDEMA	both
G6_CERVROOT	both
G6_CLUSTHEADACHE_STRICT_INCLAVO	both
G6_CLUSTHEADACHE_WIDE	both
G6_CNSABSC	both
G6_CNSOTH	both
G6_CONMYOP	both
G6_CP	both
G6_CPETAL	both
G6_CRAINOTH	both
G6_DEGENOTH	both
G6_DEGENSEN	both
G6_DISBROTHUNS	both
G6_DISGLO	both
G6_DISOTHUNS	both
G6_DISSOTH	both
G6_DRUGMYOP	both
G6_DRUGPOLY	both
G6_DYSTON	both
G6_ENCEPATH	both
G6_ENCEPHOTH	both
G6_ENCEPHTOX	both
G6_EPIPAROX	both
G6_EPLEPSY	both
G6_FACOTH	both
G6_FEMLAPOP	both
G6_FEMLE	both
G6_FEMMEPOP	both
G6_GUILBAR	both
G6_HCCOMM	both
G6_HCINOTH	both
G6_HCNP	both
G6_HCOBSTR	both
G6_HCOTHUNS	both
G6_HCPOSTRAU	both
G6_HEADACHE	both
G6_HEMIPLE	both
G6_HERATAXIA	both
G6_HEREMOSEN	both
G6_HERIPOTHUN	both
G6_HORNER	both
G6_HYDROCEPH	both
G6_ICNEUROP	both
G6_IDIOAUT	both
G6_INFLAMYOP	both
G6_IPNEUROP	both
G6_LSPLEX	both
G6_LSROOT	both
G6_MEDLEOTH	both
G6_MENINGBACT	both
G6_MENINGOTH	both
G6_MENINGVIR	both
G6_MERALGIA	both
G6_MIGRAINE	both
G6_MIGRAINE_NO_AURA	both
G6_MIGRAINE_NO_AURA_ADVERSE	both
G6_MIGRAINE_NO_AURA_TRIPTAN	both
G6_MIGRAINE_WITH_AURA	both
G6_MIGRAINE_WITH_AURA_ADVERSE	both
G6_MIGRAINE_WITH_AURA_TRIPTAN	both
G6_MITOCMY	both
G6_MONNEURMPLX	both
G6_MONOLOWOTHUNS	both
G6_MONONPOTHUS	both
G6_MONOOTHUNS	both
G6_MONOPLE	both
G6_MS	both
G6_MULTIPLE_SYSTEM_ATROPHY	both
G6_MUSCOTHUNS	both
G6_MUSDYST	both
G6_MYASTHENIA	both
G6_MYASTHENIA_ADVERSE	both
G6_MYOMUSCINOTH	both
G6_MYONEU	both
G6_MYONEUOTHUNS	both
G6_MYOPOTHUNS	both
G6_MYOTDIS	both
G6_MYOTONIC_DYSTROPHY	both
G6_NARCOCATA	both
G6_NERPLEX	both
G6_NEUATR	both
G6_NEUINFL	both
G6_NEURAMYO	both
G6_NEURODEGENERATIVE	both
G6_NEUROINFSEQ	both
G6_NEUROOTH	both
G6_NMO	both
G6_OTHDEMYEL	both
G6_OTHINMUSC	both
G6_OTHNEU	both
G6_PARALOTHUNS	both
G6_PARDIPLE	both
G6_PARKINSON	both
G6_PERIPHOTH	both
G6_PHANTOM	both
G6_PLANTAR	both
G6_POLYOTHUNS	both
G6_POSTOPNEURO	both
G6_POSTPOLIO	both
G6_POSTVIRFAT	both
G6_POSTZOST	both
G6_PROGRESSIVE_SUPRANUCLEAR_OPHTHALMOPLEGIA	both
G6_RADLES	both
G6_RLS	both
G6_ROOTPLEXOTHUNS	both
G6_SCIALE	both
G6_SLEEPAPNO	both
G6_SLEEPAPNO_INCLAVO	both
G6_SLEEPDISOTH	both
G6_SPASMODIC_TORTICOLLIS	both
G6_SPINAMUSCOTH	both
G6_SPINOTH	both
G6_STATUSEPI	both
G6_TARSTUN	both
G6_TETRAPLE	both
G6_THROOT	both
G6_TRINEU	both
G6_TRIOTHUNS	both
G6_ULLNLE	both
G6_XTRAPYR	both
G6_XTRAPYROTH	both
GASTRIC_ULCER_ACUTE_W_HAEMORRHAGE	both
GE	both
GENERALI_SKIN_ERUPT_DRUGS_MEDICAM	both
GEST_DIABETES	female
GE_MODE	both
GE_STRICT	both
GOUT_IDIO	both
GOUT_KIDNEY	both
GOUT_NOS	both
GOUT_SCND	both
GOUT_STRICT	both
GRAVES_OPHT	both
H7_ADHESIOIRIS	both
H7_ALLERGICCONJUNCTIVITIS	both
H7_AMBLYANOPSIA	both
H7_AMD	both
H7_ANISOMETROPIA	both
H7_ANOMAPUPFUNC	both
H7_APHAKIA	both
H7_ASTIGMATISM	both
H7_BCKRNDRETINOPAT	both
H7_BINOCUMOVNAS	both
H7_BINOCUMOVOTH	both
H7_BINODISTOTH	both
H7_BLEPHAROCHALASIS	both
H7_BLINDANDVISIMPAIRMENT	both
H7_BLINDMONOCULAR	both
H7_BULLKERATOPATHY	both
H7_CATARACTOTHER	both
H7_CATARACTSENILE	both
H7_CENTRRETARTOCC	both
H7_CHALAZION	both
H7_CHORDETACH	both
H7_CHORHAEMORRHAGE	both
H7_CHORIORETINFLAM	both
H7_CHORNAS	both
H7_CHOROIDOTH	both
H7_CHOROIDRETINA	both
H7_CHORSCAR	both
H7_CONJUHAEMOR	both
H7_CONJUNAS	both
H7_CONJUNCTDEGDEPOT	both
H7_CONJUNCTIVITIS	both
H7_CONJUNCTIVITISACUNONATOPIC	both
H7_CONJUNCTIVITISATOPIC	both
H7_CONJUNCTIVITISCHRON	both
H7_CONJUNCTSCAR	both
H7_CONJUVASC	both
H7_CONVERGINSUFF	both
H7_CONVERSTRAB	both
H7_CORNEALDEFORM	both
H7_CORNEALDYSTROPHY	both
H7_CORNEALMEMBRANE	both
H7_CORNEALNAS	both
H7_CORNEALOEDEMA	both
H7_CORNEALOTH	both
H7_CORNEALSCAR	both
H7_CORNEAPIGMENT	both
H7_CORNULCER	both
H7_COULOURVISDEF	both
H7_CYSTIRIS	both
H7_DACRYOADENITIS	both
H7_DEGENMYOPIA	both
H7_DIPLOPIA	both
H7_DISORDERLENSNAS	both
H7_DIVERGSTRAB	both
H7_ECTROPION	both
H7_ENTROPION	both
H7_EPIPHORA	both
H7_EPISCLERITIS	both
H7_EXOPTHALMUS	both
H7_EYEADNEXOTH	both
H7_EYELIDDEGEN	both
H7_EYELIDDIS	both
H7_EYELIDFUNC	both
H7_EYELIDINFLAMMATION	both
H7_EYELIDINOTH	both
H7_EYELIDNAS	both
H7_EYEOTH	both
H7_EYEPOSTOP	both
H7_GLAUCCLOSEPRIM	both
H7_GLAUCNAS	both
H7_GLAUCOMA	both
H7_GLAUCOMAMEDICATION	both
H7_GLAUCOMA_JOAG	both
H7_GLAUCOMA_NTG	both
H7_GLAUCOMA_POAG	both
H7_GLAUCOMA_XFG	both
H7_GLAUCSECDRUG	both
H7_GLAUCSECINFLAM	both
H7_GLAUCSECTRAUMA	both
H7_GLAUCSUSP	both
H7_GLOBE	both
H7_GLOBEDEGENERATED	both
H7_GLOBENAS	both
H7_HEREDRETINADYST	both
H7_HERPESKERATITIS	both
H7_HETEROPHORIA	both
H7_HETEROTRONAS	both
H7_HORDEOLUM	both
H7_HYPERMETRO	both
H7_INTERHETEROTRO	both
H7_INTERNUCOPHTHALMOPLEGIA	both
H7_IRIDOACUTE	both
H7_IRIDOCHRONIC	both
H7_IRIDOCYCLITIS	both
H7_IRIDOCYCLITISINOTH	both
H7_IRIDOCYC_ANTER	both
H7_IRIDOLENS	both
H7_IRIDONAS	both
H7_IRISCILIARYNAS	both
H7_JUVENILE_CATARACT	both
H7_KERATITIS	both
H7_KERATITISINOTH	both
H7_KERATITISOTH	both
H7_KERATOCONUS	both
H7_LACRIMALSYSTEM	both
H7_LACRIMINFLAMACU	both
H7_LACRIMINFLAMCHRON	both
H7_LACRINAS	both
H7_LAGOPHTALMOS	both
H7_LENSDISLOCATIO	both
H7_LIDLACRIMALORBIT	both
H7_MACULADEGEN	both
H7_MILDVISIMPBINOC	both
H7_MODVISIMPBINOC	both
H7_MODVISIMPMONOC	both
H7_MYOPIA	both
H7_NYSTAGMUS	both
H7_OCUMUSCLE	both
H7_OCUPAIN	both
H7_OPTATROPHY	both
H7_OPTICDISCOTH	both
H7_OPTIC_ATROPHY	both
H7_OPTNERVE	both
H7_OPTNERVNAS	both
H7_OPTNEURITIS	both
H7_OPTNEUROTH	both
H7_ORBIT	both
H7_ORBITINFLAMACU	both
H7_ORBITINFLAMCHRON	both
H7_ORBITNAS	both
H7_OTHENDOPHTHALMITIS	both
H7_OTHERCONJ	both
H7_OTHIRISCILIARY	both
H7_OTHRETARTOCC	both
H7_PAPILLOEDEMA	both
H7_PARASTRA3	both
H7_PARASTRA4	both
H7_PARASTRA6	both
H7_PARASTRAB	both
H7_PARASTRANAS	both
H7_PERIPHRETINADEGEN	both
H7_POSTOPEYENAS	both
H7_PRESBYOPIA	both
H7_PROLIFRETINOPATHOTH	both
H7_PTERYGIUM	both
H7_PTOSIS	both
H7_PURENDOPHTHALMITIS	both
H7_REFRAACCOMMODIS	both
H7_RETARTOCCTRANS	both
H7_RETINAHAEMORR	both
H7_RETINALBREAK	both
H7_RETINALDETACH	both
H7_RETINALDETACHBREAK	both
H7_RETINALDETACHOTH	both
H7_RETINALDETACHTRACTION	both
H7_RETINALDISOTH	both
H7_RETINANAS	both
H7_RETINASEPAR	both
H7_RETINAVASC	both
H7_RETINOCHISISCYST	both
H7_RETINODISINOTH	both
H7_RETIVASCOCCLUSION	both
H7_RETROBULBNEURINOTH	both
H7_SCLERACORNEA	both
H7_SCLERITIS	both
H7_SEVVISIMPBINOC	both
H7_SEVVISIMPMONOC	both
H7_STENOLACRI	both
H7_STRABMECH	both
H7_STRABNAS	both
H7_STRABOTH	both
H7_VASCCILIARY	both
H7_VERTISTRAB	both
H7_VISDISTNAS	both
H7_VISFIELDDEF	both
H7_VISIMPBILATERAL	both
H7_VISUALPATHNAS	both
H7_VISUDISTURB	both
H7_VISUDISTURBSUB	both
H7_VITRBODYGLOBE	both
H7_VITRCRYSTAL	both
H7_VITROPACIT	both
H7_VITROTH	both
H7_VITRPROLAPSE	both
H7_XANTHELASMA	both
H8_ABNAUDPER	both
H8_ACOUSNERVDIS	both
H8_BPV	both
H8_CERUMEN	both
H8_CHOLEASTOMA	both
H8_CHRON_SUPOTITIS	both
H8_DEGVASCEAR	both
H8_DISCON	both
H8_EARNAS	both
H8_EUSTNAS	both
H8_EUSTSALP	both
H8_EXCESSIVE_EARWAX	both
H8_EXTDISINOTH	both
H8_EXTDISNAS	both
H8_EXTERNAL	both
H8_EXTOTITIS	both
H8_EXT_ABSC	both
H8_EXT_CELLUL	both
H8_EXT_CHOL	both
H8_EXT_INFNAS	both
H8_EXT_MALIGN	both
H8_EXT_NAS	both
H8_EXT_NONINF	both
H8_EXT_OTH	both
H8_HL_CON_NAS	both
H8_HL_DEAFMUT	both
H8_HL_IDIOP	both
H8_HL_MIX_NAS	both
H8_HL_NAS	both
H8_HL_OTOTOX	both
H8_HL_PRESBY	both
H8_HL_SEN_NAS	both
H8_INNERNAS	both
H8_LABYRFISTU	both
H8_LABYRINTHITIS	both
H8_MASTACU	both
H8_MASTCHRON	both
H8_MASTNAS	both
H8_MED_SUPP	both
H8_MENIERE	both
H8_MIDDLEADDH	both
H8_MIDDLEMASTOID	both
H8_MIDDMASTNAS	both
H8_MYRINGACU	both
H8_MYRINGCHRON	both
H8_MYRINGNAS	both
H8_NOISEINNER	both
H8_NONSUPPNAS	both
H8_OSSICABN	both
H8_OTALGIA	both
H8_OTHEREAR	both
H8_OTHHEARINGLOSS	both
H8_OTIMEDNAS	both
H8_OTORRHAGIA	both
H8_OTORRHOEA	both
H8_OTOSCLE	both
H8_PERCHRONDR	both
H8_PERFORATION	both
H8_PERIPHVERTIGO	both
H8_PINNADIS	both
H8_POLYPMIDD	both
H8_POSTMASTCHOLEASTOMA	both
H8_POSTMASTNAS	both
H8_POSTOP	both
H8_POSTOPNAS	both
H8_STENOEXTCAN	both
H8_SUP_ACUTE	both
H8_SUP_OTINAS	both
H8_TINNITUS	both
H8_TYMPSCLE	both
H8_VERTIGO	both
H8_VERTIGOCENT	both
H8_VESTIBNEUR	both
H8_VESTIFUNCNAS	both
HAEMOPHIL_SEPTICHE	both
HEIGHT_IRN	both
HERING_BILATERAL	both
HERING_UNILATERAL	both
HYPOTE_DRUGS	both
HYPOTHY_REIMB	both
I9_ABAORTANEUR	both
I9_AF	both
I9_AF_REIMB	both
I9_ANEURYSM	both
I9_ANGINA	both
I9_ANGIO	both
I9_AORTANEUR	both
I9_AORTDIS	both
I9_ARTEMBTHR	both
I9_ARTEMBTHRLOW	both
I9_ARTEMBTHRNAS	both
I9_ARTOTH	both
I9_ATHSCLE	both
I9_AVBLOCK	both
I9_CABG	both
I9_CARDARR	both
I9_CARDMSEC	both
I9_CARDMYO	both
I9_CARDMYOALC	both
I9_CARDMYOHYP	both
I9_CARDMYOINOTH	both
I9_CARDMYOOTH	both
I9_CARDMYORESTR	both
I9_CAVS_OPERATED	both
I9_CEREBAMY	both
I9_CEREBATHER	both
I9_CEREBDOTH	both
I9_CEREBRART	both
I9_CHD	both
I9_CHRONIC_CONSTRICTIVE_PERICARDITIS	both
I9_CONDUCTIO	both
I9_CORATHER	both
I9_CVD_HARD	both
I9_DILATED_CARDIOMYOPATHY	both
I9_DISCER	both
I9_DISVEINLYMPH	both
I9_EMBTHROAOR	both
I9_ENDOCARD	both
I9_E_DRONE	both
I9_HEARTFAIL	both
I9_HEARTFAIL_AND_CHD	both
I9_HEARTFAIL_AND_HYPERTCARDIOM	both
I9_HEARTFAIL_AND_OVERWEIGHT	both
I9_HYPERTENC	both
I9_HYPERTROCARDMYOP	both
I9_HYPOTE	both
I9_HYPTENS	both
I9_HYPTENSEC	both
I9_HYPTENSESS	both
I9_HYPTENSHD	both
I9_HYPTENSPOR	both
I9_HYPTENSPUL	both
I9_HYPTENSRD	both
I9_ICH	both
I9_IHD	both
I9_INTRACRA	both
I9_LBBB	both
I9_LYMPHADE	both
I9_LYMPHOTH	both
I9_MI_COMPLICATIONS	both
I9_MI_STRICT	both
I9_MYOCARD	both
I9_NONISCHCARDMYOP	both
I9_NONISCHCARDMYOP_STRICT	both
I9_OTHANEUR	both
I9_OTHARR	both
I9_OTHILLHEART	both
I9_OTHINTRACRA	both
I9_OTHOTH	both
I9_OTHPER	both
I9_PAD	both
I9_PAROXTAC	both
I9_PERICAOTH	both
I9_PERICARD	both
I9_PHLETHROM	both
I9_PHLETHROMBDVTLOW	both
I9_POSTAMI	both
I9_PROGVASC	both
I9_PULMEMB	both
I9_PVT	both
I9_RAYNAUD	both
I9_RBBB	both
I9_REVASC	both
I9_RHEUFEV	both
I9_RHEUFEVHRT	both
I9_RHEUFEVWITHOUTHEART	both
I9_RHEUOTHHRT	both
I9_RHEUVALV	both
I9_SAH	both
I9_SAHANEUR	both
I9_SECONDRIGHT	both
I9_SEQULAE	both
I9_STENOSIS	both
I9_STR	both
I9_STR_EMBOLIC	both
I9_STR_EMBOLIC_WITH_FLIMMER	both
I9_STR_SAH	both
I9_THAORTANEUR	both
I9_THROMBANG	both
I9_THROMBICV	both
I9_THROMBOTH	both
I9_TIA	both
I9_UAP	both
I9_VARICVE	both
I9_VARICVEOES	both
I9_VARICVESOTH	both
I9_VASCINT	both
I9_VASCSYND	both
I9_VEINSOTH	both
I9_VHD	both
I9_VTE	both
ILD_ENDPOINTS	both
ILD_INSUFFICIENCY	both
INCREASEDMUSCLETONE	both
INFLUENZA	both
INTERSTITIAL_CYSTIT_CHRONIC	both
INV_VENT	both
IPF	both
J10_ABSCLUNGPNEUMO	both
J10_ABSCMEDIASTINUM	both
J10_ACUTELOWERNAS	both
J10_ACUTEUPPERINFEC	both
J10_AIRWDISDUST	both
J10_ARDS	both
J10_ASBESTPNEUMOC	both
J10_ASTHMACOPDKELA	both
J10_ASTHMA_EXMORE	both
J10_ASTHMA_MAIN_EXMORE	both
J10_BRONCH	both
J10_BRONCHIECTASIS	both
J10_BRONCHIOLITIS	both
J10_BRONCHITIS	both
J10_BRONCHNAS	both
J10_CHEMGASRESP	both
J10_CHRONLARYNGITIS	both
J10_CHRONRHINITIS	both
J10_CHRONSINUSITIS	both
J10_CHRONTONSADEN	both
J10_CHYLOTHORAX	both
J10_COLD	both
J10_COPD	both
J10_EMPHYSEMA	both
J10_EPIGLOTTITIS	both
J10_EXTERLUNG	both
J10_FIBROTHORAX	both
J10_HYPERSPNEUMONI	both
J10_INFLUENZA	both
J10_INFLUPNEU	both
J10_INORGPNEUMOC	both
J10_LARYNGITIS	both
J10_LOWCHRON	both
J10_LOWERINF	both
J10_NASALPOLYP	both
J10_NECROTIC	both
J10_PERITONSABSC	both
J10_PHARYNGITIS	both
J10_PLEURA	both
J10_PLEURAL_PLAQUE_WITHOUT_ASBESTOS	both
J10_PLEURAL_PLAQUE_WITH_PRESENCE_OF_ASBESTOS	both
J10_PLEUREFFUSION	both
J10_PLEUROTH	both
J10_PLEURPLAGUE	both
J10_PNEUMOBACT	both
J10_PNEUMOHAEM	both
J10_PNEUMONIA	both
J10_PNEUMONISOLLIQ	both
J10_PNEUMONONBACT	both
J10_PNEUMOPNEUMO	both
J10_PNEUMOTHORAX	both
J10_PULMEOS	both
J10_PULMOEDEMA	both
J10_PYOTHORAX	both
J10_RESPCONDEXT	both
J10_RESPOTHER	both
J10_SEPTDEV	both
J10_SILICAPNEUMOC	both
J10_SIMPLBRONCH	both
J10_SINUSITIS	both
J10_TONSILLECTOMY	both
J10_TONSILLITIS	both
J10_UPPERDIS	both
J10_UPPERINFEC	both
J10_VIRALPNEUMO	both
J10_VOCALLARYNX	both
JOINTPAIN	both
JUVEN_ARTHR	both
K11_ABRASION	both
K11_ABSCANAL	both
K11_ACHAL	both
K11_ACUTGASTR	both
K11_ACUTPANC	both
K11_ADHE	both
K11_ALCGASTR	both
K11_ALCOLIV	both
K11_ANOMALI_DENTAL_ARCH_RELATIONS1	both
K11_APHTA_RECUR_INCLAVO	both
K11_APPENDACUT	both
K11_APPENDECTOMY	both
K11_APPENDOTH	both
K11_ASYMMETRY_JAW	both
K11_ATTRITION	both
K11_BARRET	both
K11_BILIAOTH	both
K11_CARIES_3	both
K11_CD_STRICT2	both
K11_CD_STRICT_PSC	both
K11_CHOLANGI	both
K11_CHOLANGI_STRICT	both
K11_CHOLECYST	both
K11_CHOLECYSTECTOMY	both
K11_CHOLELITH	both
K11_CHRONGASTR	both
K11_CHRONHEP	both
K11_CHRONPANC	both
K11_COELIAC	both
K11_CONSTIPATION	both
K11_CROSSBITE	both
K11_CROWDI_TEETH	both
K11_DEEP_BITE	both
K11_DEEP_BITE_SURGERY	both
K11_DENTOFACIAL_ANOMALIES	both
K11_DIAHER	both
K11_DISLIVOTH	both
K11_DISOESINOTH	both
K11_DISTAL_BITE	both
K11_DIVERTIC	both
K11_DULC	both
K11_EMBED_TEETH	both
K11_EMBIMPACT_TEETH	both
K11_ENERCOLNONINF	both
K11_EROSION_INCLAVO	both
K11_ERUPTION	both
K11_FEMHER	both
K11_FIBROCHIRLIV	both
K11_FISTULA	both
K11_FUNCDYSP	both
K11_GALLBLAOTH	both
K11_GASTRODUOULC	both
K11_GINGIVITIS_PERIODONTAL	both
K11_GINGIV_HYPERPLAS	both
K11_GJULC	both
K11_GULC	both
K11_HAEMORR	both
K11_HEPFAIL	both
K11_HERING	both
K11_HERNIA	both
K11_HYPERTROPHY_TONGUE_PAPILLAE	both
K11_HYPOPLASIA_ENAMEL	both
K11_HYPOPLASIA_ENAMEL_INCLAVO	both
K11_HYPOPLASIA_ENAMEL_PRENATAL	both
K11_HYPOPLASIA_ENAMEL_PRENATAL_INCLAVO	both
K11_HYPO_ONLY	both
K11_IBD_STRICT	both
K11_IBD_STRICT_PSC	both
K11_IBS	both
K11_ILEUS	both
K11_IMPACT	both
K11_IMPACTED_TEETH	both
K11_INTESTOTH	both
K11_INTUSS	both
K11_LICHEN_PLANUS_WIDE	both
K11_LIP_ORAL_MUCOSA	both
K11_LIVDISINOTH	both
K11_LIVER	both
K11_MAJOR_ANOMALI_JAW_SIZE	both
K11_MALABSORB	both
K11_MANDIBULAR_HYPOPL	both
K11_MAXIL_CANINE_FAILED_ERUPT_OBSTRUCTION_TOOTH	both
K11_MAXIL_CANINE_PALAT	both
K11_MAXIL_HYPOPL	both
K11_MAXIL_MOLAR_FAILED_ERUPT_OBSTRUCTION_TOOTH	both
K11_MAXIL_PROGN	both
K11_MESIAL_BITE	both
K11_MIH	both
K11_MIH_CARIES	both
K11_MISS_TEETH_ACCID_EXTR_PAROD	both
K11_MN_PROGN	both
K11_MN_PROGN_AND_SURGRT	both
K11_MN_RETRGN	both
K11_MN_RETRGN_AND_SURG	both
K11_OESITIS	both
K11_OESITIS_ADVERSE	both
K11_OESOBST	both
K11_OESSTODUO	both
K11_OESULC	both
K11_OESULC_ADVERSE	both
K11_OPEN_BITE	both
K11_OPEN_BITE_SURGERY	both
K11_ORAL	both
K11_ORALCYST	both
K11_ORAL_LEUCOPLACIA_INCLAVO	both
K11_ORAL_LEUCOPLAC_RELAT_INCLAVO	both
K11_ORAL_LICHEN_PLANUS	both
K11_ORAL_LICHEN_PLANUS_INCLAVO	both
K11_OTHABDHER	both
K11_OTHANRECT	both
K11_OTHAPPEND	both
K11_OTHDIG	both
K11_OTHDISDIG	both
K11_OTHDISOES	both
K11_OTHDISSTOMDUOD	both
K11_OTHENTERCOL	both
K11_OTHFUNC	both
K11_OTHGASTR	both
K11_OTHILEUS	both
K11_OTHINFLIV	both
K11_OTHINT	both
K11_OTHPERITON	both
K11_OVERJET	both
K11_PANCOTH	both
K11_PARALIL	both
K11_PARODON_PERIAPIC_CHRONIC	both
K11_PERFOES	both
K11_PERIAPICAL_ABSCESS	both
K11_PERIODONTOSIS	both
K11_PERIODON_CHRON_COMPL	both
K11_PERIODON_CHRON_INCLAVO	both
K11_PERITON	both
K11_PERITONITIS	both
K11_POSTOPDIS	both
K11_PSC_COLITIS_STRICT	both
K11_PULC	both
K11_PULPITIS	both
K11_PULP_NECROSIS	both
K11_PULP_PERIAPICAL_INCLAVO	both
K11_REFLUX	both
K11_REIMB_202	both
K11_RESORPTION	both
K11_RETROG_MAXILLAE	both
K11_SALIVARY	both
K11_SCISS_BITE	both
K11_STOMATITIS	both
K11_SUPNUM_ONLY	both
K11_SUPNUM_ONLY_INCLAVO	both
K11_TOXLIV	both
K11_UC_STRICT2	both
K11_UC_STRICT_PSC	both
K11_UMBHER	both
K11_VASCINT	both
K11_VENTHER	both
K11_VOLVU	both
KELA_DIAB_INSUL_EXMORE	both
KRA_PSY_ALCOH_EXMORE	both
KRA_PSY_ANXIETY_EXMORE	both
KRA_PSY_ANYMENTAL	both
KRA_PSY_ANYMENTAL_SUICID_PREG_NERV_EXMORE	female
KRA_PSY_AUTISM_EXMORE	both
KRA_PSY_BEHAV_EXMORE	both
KRA_PSY_CHILDEMOT_EXMORE	both
KRA_PSY_CHILDOTH_EXMORE	both
KRA_PSY_CHILDSOC_EXMORE	both
KRA_PSY_CODUCTEMOT_EXMORE	both
KRA_PSY_DEMENTIA_EXMORE	both
KRA_PSY_DEVWIDE_EXMORE	both
KRA_PSY_EATING_EXMORE	both
KRA_PSY_HYPERKIN_EXMORE	both
KRA_PSY_MENTALRET_EXMORE	both
KRA_PSY_MOTOR_EXMORE	both
KRA_PSY_PERSON_EXMORE	both
KRA_PSY_PUERPER_EXMORE	female
KRA_PSY_SCHIZODEL_EXMORE	both
KRA_PSY_SLEEP_NONORG_EXMORE	both
KRA_PSY_SPEELING_EXMORE	both
KRA_PSY_SUBSTANCE_EXMORE	both
KRA_PSY_TIC	both
KRA_PSY_TIC_EXMORE	both
L12_ABSCESS_CUT	both
L12_ACANTHNIGRICANS	both
L12_ACANTHOLYTIC	both
L12_ACNE	both
L12_ACNEKELOID	both
L12_ACNE_CONGLOBLATA	both
L12_ACNE_NAS	both
L12_ACNE_VARIOLIFORMIS	both
L12_ACQKERAT	both
L12_ACRODERMATITIS	both
L12_ACTINKERA	both
L12_ALLERGICCONTACT	both
L12_ALOPECANDRO	both
L12_ALOPECAREATA	both
L12_ALOPECIA_UNIVERSALIS	both
L12_APOCRINESWEAT	both
L12_ATOPIC	both
L12_ATROPHICSKIN	both
L12_ATROPHICSKINNAS	both
L12_BULLOTH	both
L12_BULLOUS	both
L12_CALCINOSISCUTIS	both
L12_CELLULITIS	both
L12_CHLOASMA	both
L12_CHRONICULCEROFSKIN	both
L12_CORNSANDCALLOS	both
L12_CUTLAXSEN	both
L12_CUT_AUTOSENS	both
L12_DECUBITANSULCERANDPRESSURE	both
L12_DERMATHERP	both
L12_DERMATITISECZEMA	both
L12_DERMATITISNAS	both
L12_DERM_NUMMULAR	both
L12_DIAPER	both
L12_DISORDSKINAPPENDIX	both
L12_DYSHIDROSIS	both
L12_ECCRINESWEAT	both
L12_EPIDERMALTHICKOTH	both
L12_EPIDERMTHICKNAS	both
L12_ERTYTH_TOXIC	both
L12_ERYTHEMAMULTIF	both
L12_ERYTHEMANODOSUM	both
L12_ERYTHEMATOUSOTH	both
L12_ERYTHINOTH	both
L12_ERYTHRASMA	both
L12_ERYTHRO_KELA	both
L12_ERYTH_ANNULCENTRIFUG	both
L12_ERYT_INTERTRIG	both
L12_EXFOLIATIVE	both
L12_FACTITIALDERMAT	both
L12_FEBRILENEUTROPHIL	both
L12_FOLICULAROTH	both
L12_FOLLICULARCYST	both
L12_FOLLICULARNAS	both
L12_FOLLICULITDECALV	both
L12_FOODDERMAT	both
L12_FOREIGNBODYGRANULOMA	both
L12_GRANUANNU	both
L12_GRANULOMASKINNAS	both
L12_GRANULOMATOUSSKIN	both
L12_GROVER	both
L12_HAIRCOLOUR	both
L12_HAIRLOSSNONSCAR	both
L12_HAIRLOSSSCAR	both
L12_HAIRLOSS_NONSCARNAS	both
L12_HAIRLOSS_SCARNAS	both
L12_HIDRADENITISSUP	both
L12_HIRSUTISM	both
L12_HIRSUTISM_ADVERSE	both
L12_HYPERTICHNAS	both
L12_HYPERTROPHICNAS	both
L12_HYPETROPHICSCAR	both
L12_IMPETIGO	both
L12_INFECT_DERM	both
L12_INFECT_SKIN	both
L12_INFECT_SKIN_OTHER	both
L12_INTERNALSUBSTANCEDERM	both
L12_LICHENPLANO	both
L12_LICHENSCLERATROPH	both
L12_LICHENSIMPLEX	both
L12_LICHSIMPANDPRURIGO	both
L12_LIVEDOIDVASC	both
L12_LOCALCONNECTISSUENAS	both
L12_LOCALDCONNECTISSUEOTH	both
L12_LOCALSCLERODERMA	both
L12_LUPUS	both
L12_LYMPHADENITIS	both
L12_NAILDIS	both
L12_NAILNAS	both
L12_NAIL_DYSTROPHY	both
L12_NAIL_GRYPHOSIS	both
L12_NAIL_INGROW	both
L12_NAIL_LYSIS	both
L12_NECROLIPOIDIC	both
L12_NONIONRADISKINNAS	both
L12_OTHACUSKINSUN	both
L12_OTHACUSKINSUNNAS	both
L12_OTHERBULL	both
L12_OTHERCONTACT	both
L12_OTHERDISSKINANDSUBCUTIS	both
L12_OTHERINFILTRATIVESKIN	both
L12_OTHERMELANIN	both
L12_OTHERSKINSUBCUTIS	both
L12_OTHPIGMENTATION	both
L12_PAPULOSQUAMOUS	both
L12_PAPULOSQUAOTH	both
L12_PAPULOSQUONAS	both
L12_PARAPSORI	both
L12_PARAPSO_PITYLICHCHRON	both
L12_PARAPSO_PITYLICHETVARACUT	both
L12_PARAPSO_PLAQUE	both
L12_PARAPSO_RETIFORM	both
L12_PEMPHIGOID_BULL	both
L12_PEMPHIGOID_CICA	both
L12_PEMPHIGOID_NAS	both
L12_PEMPHIGUS	both
L12_PEMPHIGUS_NAS	both
L12_PEMPHIGUS_VULG	both
L12_PEMPHIKELA	both
L12_PERIORALDERM	both
L12_PHOTOCONTDERMAT	both
L12_PIGMENTNAS	both
L12_PIGPURPDERM	both
L12_PILONIDALCYST	both
L12_PITYRIASISRUBRA	both
L12_PITYROCHEA	both
L12_POIKOLOCIVAT	both
L12_POLYMORPHLIGHTERUPT	both
L12_POSTINFHYPERPIGM	both
L12_PRURIGONAS	both
L12_PRURIGONOD	both
L12_PRURITUS	both
L12_PSORIASIS	both
L12_PSORI_ACRODERM	both
L12_PSORI_GUTTATE	both
L12_PSORI_NAS	both
L12_PSORI_PUSTGEN	both
L12_PSORI_PUSTUPALM	both
L12_PSORI_VULG	both
L12_PYODERMA	both
L12_PYOGENGRANUL	both
L12_RADIODERMATITIS	both
L12_RHINOPHYMA	both
L12_ROSACEANAS	both
L12_SCARCONDITIONS	both
L12_SEBORRHOEIC	both
L12_SEBORRKERAT	both
L12_SKINRADIOTH	both
L12_SKINSUBCUTISNAS	both
L12_STRIAEATROPHICAE	both
L12_SUNBURN	both
L12_SWEET_SDR	both
L12_TELOGEFFLU	both
L12_TRANSEPIDERMELIMINATION	both
L12_ULCERLOWLIMB	both
L12_URTICARIA	both
L12_URTICA_ALLERG	both
L12_URTICA_CHOLINERG	both
L12_URTICA_COLDHEAT	both
L12_URTICA_DERTMATOG	both
L12_URTICA_IDIOPAT	both
L12_URTICA_NAS	both
L12_URTIGA_CONTACT	both
L12_VASCULITISNAS	both
L12_VITILIGO	both
L12_XEROSCUT	both
LICHENOID_DRUG_REACTION	both
LOCALIZED_SKIN_ERUPT_DRUGS_MEDICAM	both
LUNG_TRANSPLANTATION	both
M13_ABSCTENDON	both
M13_ACHILLESTEND	both
M13_ADHCAPSULITIS	both
M13_ALGONEURO	both
M13_ANKLEFOOT	both
M13_ANKYLOSISJOINT	both
M13_ANKYLOSPON	both
M13_ANKYLOSPON_STRICT	both
M13_ARTHINOTH	both
M13_ARTHROPATHIES	both
M13_ARTHROSIS	both
M13_ARTHROSIS_INCLAVO	both
M13_ARTHROSIS_KNEE	both
M13_ARTHROSIS_KNEE_PRIM_KNEESURG	both
M13_ARTHROSIS_OTH	both
M13_ARTHROSIS_POLY	both
M13_ARTHTROSIS_COX	both
M13_ARTHTROSIS_COX_PRIM_HIPSURG	both
M13_ARTHTROSIS_COX_PRIM_ICD10	both
M13_ATLOAXSUBLUX	both
M13_BAKERCYST	both
M13_BEHCET	both
M13_BICIPITALTEND	both
M13_BIOMECHLESIO	both
M13_BONECONTINUITY	both
M13_BONEDENSOTH	both
M13_BONEDISNAS	both
M13_BONEHYPERTRPH	both
M13_BURSCYSTOTH	both
M13_BURSELBOWOTH	both
M13_BURSITISHIPOTH	both
M13_BURSITISKNEEOTH	both
M13_BURSITISOTH	both
M13_BURSOPATHY	both
M13_CALCANSPUR	both
M13_CALCBURS	both
M13_CALCIFICTEND	both
M13_CALCIOSSIMUSCLE	both
M13_CALCTENDINITIS	both
M13_CARTILAGE	both
M13_CERVICALGIA	both
M13_CERVICDISC	both
M13_CERVICOBRACHSDR	both
M13_CERVICOCRANSDR	both
M13_CHONDROMALACIA	both
M13_CHRONDROPATHIES	both
M13_CHRONSYNOVITISHANDWRIST	both
M13_CHURGSTRAUSS	both
M13_CLAWCLUBHANDFOOT	both
M13_CONNECTNAS	both
M13_CONTRACTUREJOINT	both
M13_CRYSTALARTH	both
M13_DEFORMACQ	both
M13_DEFORMDORSO	both
M13_DEFORMDORSONAS	both
M13_DEQUERVAIN	both
M13_DERMATOMYOTH	both
M13_DERMATOPOLYNAS	both
M13_DIASTASIS	both
M13_DIFFASCITIS	both
M13_DISCINFECTION	both
M13_DISCITIS	both
M13_DISSYNOTENDNAS	both
M13_DORSALGIA	both
M13_DORSALGIANAS	both
M13_DORSOPATHY	both
M13_DORSOPATHYNAS	both
M13_DORSOPATHYOTH	both
M13_DUPUTRYEN	both
M13_EARLY_LUMBAR_PROLAPSE	both
M13_ENTEROARTHR	both
M13_ENTESOPATHYLOW	both
M13_ENTESOPATHYLOWNAS	both
M13_ENTESOPATHYNAS	both
M13_ENTESOPATHYOTH	both
M13_FATIGFRACT	both
M13_FATPADHYPERTROPHY	both
M13_FIBROBLASTIC	both
M13_FIBROBLASTNAS	both
M13_FIBROMYALGIA	both
M13_FINGERDEFORM	both
M13_FLATFOOT	both
M13_FOREIGNBODY	both
M13_FORESTIER	both
M13_GANGLION	both
M13_GIANTCELL	both
M13_GLUTEALTEND	both
M13_GOUT	both
M13_HALLUDEFORMOTH	both
M13_HALLUXRIGIDUS	both
M13_HALLUXVALGUS	both
M13_HAMMERTOE	both
M13_HEBERDENS_NODES	both
M13_HTROMBMICROANG	both
M13_HYPERANG	both
M13_HYPERMOBILITY	both
M13_ILIOTIBBAND	both
M13_IMPINGEMENT	both
M13_INFBURSA	both
M13_INFTENOSYNOVITIS	both
M13_INTERHYDRARTHR	both
M13_INTERVERTEB	both
M13_JUVERHEU	both
M13_JUVOSTEOCHONRHIP	both
M13_KAWASAKI	both
M13_KISSING	both
M13_KNEEDERANGEMENTS	both
M13_KNUCKLEPADS	both
M13_KYPHOSIS	both
M13_LATERALEPICOND	both
M13_LIMBDEFORM	both
M13_LIMBLENGTH	both
M13_LIMBPAIN	both
M13_LOOSEJOINT	both
M13_LORDOSIS	both
M13_LOWBACKPAIN	both
M13_LOWBACKPAINORANDSCIATICA	both
M13_LUMBAR_PROLAPSE	both
M13_LUPUS_NEPHRITIS	both
M13_MCTD	both
M13_MEDIALEPICOND	both
M13_MENISCUSDERANGEMENTS	both
M13_METATARSALGIA	both
M13_MICROPOLYANG	both
M13_MONOARTHRITIS	both
M13_MULTIFIBRO	both
M13_MUSCLE	both
M13_MUSCLEATROPH	both
M13_MUSCLEDISNAS	both
M13_MUSCLESTRAIN	both
M13_MUSCONTRAC	both
M13_MUSCULOSKELEOTH	both
M13_MYALGIA	both
M13_MYOSITIS	both
M13_MYOSITISOSSIF	both
M13_NECROFASC	both
M13_NECROVASCNAS	both
M13_NEURALGIA	both
M13_OLECRANONBURSITIS	both
M13_OSTEOCHONDRO	both
M13_OSTEOCHONDROPATHY	both
M13_OSTEOCHONDROSIS_OF_ANKLE_JUVENILE	both
M13_OSTEOMALACIA	both
M13_OSTEOMYELITIS	both
M13_OSTEOMYELVERTEB	both
M13_OSTEONECROSIS	both
M13_OSTEOPATHYINOTH	both
M13_OSTEOPOROSIS	both
M13_OTERSPECARTHR	both
M13_OTHERBONE	both
M13_OTHERJOINT	both
M13_OVERLAP	both
M13_OVERUSENAS	both
M13_PAGET	both
M13_PALINDROMIC	both
M13_PANNICULITIS	both
M13_PANNICULITISNAS	both
M13_PATELLADISLOCATIO	both
M13_PATELLAOTH	both
M13_PATELLARTEND	both
M13_PERONEALTEND	both
M13_PLANTARFASC	both
M13_POLNODOSA	both
M13_POLYARTERETAL	both
M13_POLYARTHRITIS	both
M13_POLYARTHROPATHIES	both
M13_POLYMYALGIA	both
M13_POLYMYO	both
M13_POSTOPMUSCULOSKE	both
M13_POYARTOTH	both
M13_PREPATELLARBURSITIS	both
M13_PROGRESSIVE_OSSEOUS_MUSCLE_INFLAMMATION	both
M13_PROGRESSIVE_SYSTEMIC_SCLEROSIS	both
M13_PSOASTEND	both
M13_PSORIARTH	both
M13_PYOGARTH	both
M13_RADICULOPATHY	both
M13_REACTARTH	both
M13_RECUDISLOCATIO	both
M13_RELAPSPOLYCHONDR	both
M13_RHEUMA	both
M13_RHEUMATISM	both
M13_ROTATORCUFF	both
M13_RUPTUREMUSC	both
M13_SACROCOGG	both
M13_SACROILIITIS	both
M13_SCIATICA	both
M13_SCOLIOSIS	both
M13_SERONEGATIVE_JUVENILE_RHEUMATOID_ARTHRITIS	both
M13_SHORTACHILLES	both
M13_SHOULDER	both
M13_SHOULDERBURSITIS	both
M13_SHOULDERNAS	both
M13_SJOGREN	both
M13_SOFTOVERUSE	both
M13_SOFTTISSUE	both
M13_SOFTTISSUENAS	both
M13_SOFTTISSUEOTH	both
M13_SPINALOSTEOCHON	both
M13_SPINEFUSION	both
M13_SPINENTHES	both
M13_SPININSTAB	both
M13_SPINSTENOSIS	both
M13_SPONDYLINFLAMNAS	both
M13_SPONDYLOINFECTION	both
M13_SPONDYLOLISTHESIS	both
M13_SPONDYLOPATHINOTH	both
M13_SPONDYLOPATHY	both
M13_SPONDYLOPATHYNAS	both
M13_SPONDYLOSIS	both
M13_SPONDYLOTRAUM	both
M13_SPONTRUPTSYNOTEND	both
M13_SYNOHYPERTROPH	both
M13_SYNOTEND	both
M13_SYNOTENDINOTH	both
M13_SYSTCONINOTH	both
M13_SYSTCONNECT	both
M13_SYSTSLCE	both
M13_TAKAYASU	both
M13_TEMPARTERIT	both
M13_TENDONCONTRACT	both
M13_TENDOSYNOVITISNAS	both
M13_THORACISPINEPAIN	both
M13_TIBIALCOLLATERAL	both
M13_TIETZE	both
M13_TOEDEFORMOTH	both
M13_TORTICOLLIS	both
M13_TRANSSYNOVITIS	both
M13_TRIGGERFINGER	both
M13_TROCHANTERICBURSITIS	both
M13_VALGUS	both
M13_VARUS	both
M13_VERTEBCOLLAPSE	both
M13_VILLONODULAR	both
M13_WEGENER	both
MACULAR_CYST	both
MACULAR_HOLE	both
MACULAR_PUCKER	both
MACULA_NAS	both
MACULA_NAS_ADVERSE	both
MATERNCAREFETUSALCO	female
MEMLOSS	both
MENINGITIS	both
MIGRAINE_TRIPTAN	both
MIGRAINE_UNSPE	both
MUCOPROCT	both
MYCOBLUNGATYPICA	both
MYELOPROF_NONCML	both
N14_ABNORMALBLEED	female
N14_ACUTENEPHRITIC	both
N14_ACUTERENFAIL	both
N14_AMENORRHEAPRIM	female
N14_ATROPHOV	female
N14_BARTHOABSCESS	both
N14_BARTHOCYS	both
N14_BARTHOOTHNAS	both
N14_BENIGNMAMDYSP	both
N14_BREAST	female
N14_BREASTDISOTH	female
N14_CALCUKIDUR	both
N14_CALCULOWER	both
N14_CERVICAL_DYSPLASIA_ALL	female
N14_CERVICAL_DYSPLASIA_NOS	female
N14_CERVICAL_HSIL	female
N14_CERVICAL_LSIL	female
N14_CHRONEPHROPATH	both
N14_CHRONKIDNEYDIS	both
N14_CHRONKIDNEYDIS_WIDE	both
N14_CHRONTUBULOINTNEPHRITIS	both
N14_CYSTITIS	both
N14_CYSTKID	both
N14_DIALYSIS	both
N14_DISIMPAIRRENTUB	both
N14_DRUGSANDHEAVYMETAL	both
N14_ENDOMETRIOSIS	female
N14_ENDOMETRIOSIS_ASRM_STAGE3_4	female
N14_ENDOMETRIOSIS_DEEP	female
N14_ENDOMETRIOSIS_FALLOPIAN_TUBE	female
N14_ENDOMETRIOSIS_INTESTINE	female
N14_ENDOMETRIOSIS_NOS	female
N14_ENDOMETRIOSIS_OVARY	female
N14_ENDOMETRIOSIS_PELVICPERITONEUM	female
N14_ENDOMETRIOSIS_RECTPVAGSEPT_VAGINA	female
N14_ENDOMETRIOSIS_SKIN_SCAR	female
N14_ENDOMETRIOSIS_UTERUS	female
N14_ENDOMET_INFERT	female
N14_EROSECTROPUT	female
N14_FEMALEGENINF	both
N14_FEMALEGENNONINF	female
N14_FEMALEINFERT	female
N14_FEMALE_GENITAL_DYSPLASIA_ALL	female
N14_FEMALE_GENITAL_DYSPLASIA_NOS	female
N14_FEMALE_GENITAL_HSIL	female
N14_FEMALE_GENITAL_LSIL	female
N14_FEMGENFISTUL	female
N14_FEMGENPAIN	female
N14_FEMGENPROL	female
N14_FEMPELINFINOTH	both
N14_FIANOV	female
N14_FIOTHNAS	female
N14_FITUB	female
N14_FIUTERINE	female
N14_GALACTORRHEA	both
N14_GENITOUROTH	both
N14_GLOMEINOTH	both
N14_GLOMERULAR	both
N14_GLOMER_NEPHRITIS	both
N14_HABITABORT	both
N14_HENOCHSCHONLEIN_NEPHRITIS	both
N14_HYDROCELE	both
N14_HYDRONEPHR	both
N14_HYPERTROPHYBREAST	female
N14_HYPERTROPHYBREAST_BOTH	both
N14_IGA_NEPHROPATHY	both
N14_IMPOTENCE	both
N14_INFCERVIX	female
N14_INFLAMALEGEN	both
N14_INFLAMMBREAST	female
N14_INFLUTH	female
N14_ISOLPROTEINURIA	both
N14_KIDNEY_DISEASES	both
N14_KIDUROTH	both
N14_LUMPNASBREAST	female
N14_MAEMABROAD	both
N14_MALEGEN	both
N14_MALEGENINOTH	both
N14_MALEINFERT	female
N14_MEMBRANOUS_NEPHROPATHY	both
N14_MENOPAUSOT	female
N14_MENORRHAGIA	female
N14_MENSIRREG	both
N14_MESNRUIRREG	female
N14_NEPHRITICNAS	both
N14_NEPHROPATHYHER	both
N14_NEPHROTICSYND	both
N14_NEUROMUSCDYSBLADD	both
N14_OBSTRUREFLUROPATH	both
N14_OLIGOMEN	female
N14_ORHCEPINDIDYMITIS	male
N14_OTHBLADD	both
N14_OTHDISMALEGEN	both
N14_OTHETNASKIDUR	both
N14_OTHFEMPELINF	both
N14_OTHINFVAGVULV	female
N14_OTHNONINFCERVIX	female
N14_OTHNONINFOVA	female
N14_OTHNONINFUTER	female
N14_OTHNONINFVAG	female
N14_OTHNONINFVULV	female
N14_OTHPENIS	male
N14_OVARTORS	female
N14_OVARYCYST	female
N14_OVAR_HYPERSTIM	female
N14_PHIMOSIS	male
N14_POLYPFEMGEN	female
N14_POSTMENATRVAG	female
N14_POSTMENBLEED	female
N14_PREMENSTSYNDROM	female
N14_PRIMARY_AMENORRHEA	female
N14_PROHERNOV	female
N14_PROSTAOTH	male
N14_PROSTATITIS	male
N14_PROSTHYPERPLA	male
N14_PYELONEPHR	both
N14_RAPIDPROGNEPHRITIC	both
N14_RECURANDPERHEAMATUR	both
N14_RENALCOLNAS	both
N14_RENALTUB	both
N14_RENALTUBULOINOTH	both
N14_RENALTUBULOOTH	both
N14_RENFAIL	both
N14_RENFAILNAS	both
N14_SALPHOOPH	female
N14_SMALLKIDNEY	both
N14_SPERMATOCELE	male
N14_TORSIOTEST	male
N14_TUBULOINTNEPHRNAS	both
N14_ULCERVAGVUL	female
N14_UNSPECKIDCONTR	both
N14_URETHRALSTRICT	both
N14_URETHRAOTH	both
N14_URETHRITISANDURSYNDR	both
N14_URINOTH	both
N14_UTER_POLYP	female
N14_VAGINAL_DYSPLASIA_ALL	female
N14_VAGINAL_HSIL	female
N14_VAGINAL_LSIL	female
N14_VAGINITIS	female
N14_VULVAL_DYSPLASIA_ALL	female
N14_VULVAL_DYSPLASIA_NOS	female
N14_VULVAL_HSIL	female
N14_VULVAL_LSIL	female
N14_VULVOVAGINFINOTH	female
NAFLD	both
NASH	both
NECROVASC_FG	both
NEPHROP_INDUCED_OTHER_DRUGS_MEDICAM_BIOLO_SUBST	both
NEURODEGOTH	both
NIV	both
NONALLERG_ASTHMA_EXMORE	both
O15_ABORT_FAILED	female
O15_ABORT_MEDICAL	female
O15_ABORT_OTHER	female
O15_ABORT_SPONTAN	female
O15_ABORT_UNS	female
O15_AMNIOT_OTHER	female
O15_ANTENAT_ABNORM	female
O15_ANTEPART_HAEM_NAS	female
O15_BIRTH_BREAT_INFECT	female
O15_BREAST_LACT_OTHER_DIS	female
O15_COMPLIC_ABORT_ECTOP_MOLAR	female
O15_COMPLIC_LAB_DELIV	female
O15_COMPLIC_PUERP	female
O15_CONCEPT_ABNORM	female
O15_DELIV_CAESAR	female
O15_DELIV_FORCEP_VAC	female
O15_DELIV_MULTIP	female
O15_DELIV_OTHER_ASSIST	female
O15_DELIV_PERIN_LACER	female
O15_DELIV_SPONT	female
O15_ECLAMPSIA	female
O15_EXCESS_VOMIT_PREG	female
O15_EXIST_HYPERT_COMPLIC	female
O15_FAILED_INDUCT	female
O15_FALSE_LAB	female
O15_GESTAT_HYPERT	female
O15_GESTAT_OEDEM_PREINUR	female
O15_HAEMORRH_EARLY_PREG	female
O15_HYPTENSPREG	female
O15_ICP_EXMORE	female
O15_ICP_WIDE	female
O15_ICP_WIDE_EXMORE	female
O15_LABOUR_ABNORM_FORCES	female
O15_LABOUR_ANEST_COMPLIC	female
O15_LABOUR_FETAL_STRESS	female
O15_LABOUR_INTRAPART_HAEMORRH	female
O15_LABOUR_LONG	female
O15_LABOUR_MALPOS	female
O15_LABOUR_OBSTR_OTHER	female
O15_LABOUR_OTHER	female
O15_LABOUR_PELVIC_ABNORM	female
O15_LABOUR_UMBILICAL	female
O15_MATERN_CARE	female
O15_MATERN_CARE_CERVICAL_INCOMPETENCE	female
O15_MATERN_CARE_DISPROP	female
O15_MATERN_CARE_FETAL_ABNORM	female
O15_MATERN_CARE_OTHER	female
O15_MATERN_CARE_PELVIC_ABNORM	female
O15_MATERN_HYPERT_UNS	female
O15_MATERN_INFECT_ELSEWHERE	female
O15_MAT_CARE_MALPRESENT	female
O15_MEMBR_PREMAT_RUPT	female
O15_MULTIP_GEST	female
O15_MULTIP_GEST_COMPLIC	female
O15_OBSTET_TRAUMA_OTHER	female
O15_OTHER_MATERN_DIS_ELSEWHERE	female
O15_PLAC_DISORD	female
O15_PLAC_PRAEVIA	female
O15_PLAC_PREMAT_SEPAR	female
O15_POLYHYDR	female
O15_POOR_FETGRO	female
O15_POSTPART_HAEMORRH_ANATOMY	female
O15_POSTPART_HAEMORRH_PLACENTA	female
O15_POSTPART_HEAMORRH_ALLW	female
O15_PREECLAMPS	female
O15_PREECLAMPS_CHRONIC_HYPERT	female
O15_PREEC_OR_FETGRO	female
O15_PREG_ABORT	female
O15_PREG_ANESTH_COMPL	female
O15_PREG_ECTOP	female
O15_PREG_GU_INFECT	female
O15_PREG_HYDAT	female
O15_PREG_MATERN_CARE	female
O15_PREG_OTHER_MAT_DISORD	female
O15_PREG_PROLONGED	female
O15_PREG_VENOUS_HAEMORRH	female
O15_PRETERM	female
O15_PRE_OR_ECLAMPSIA	female
O15_PUERP_ANEST_COMPL	female
O15_PUERP_COMPL_NAS	female
O15_PUERP_INFECT_OTHER	female
O15_PUERP_SEPSIS	female
O15_RETAINED_PLAC_MEMB_NO_HEAMORRH	female
O15_TWIN_GEST	female
O15_VENOUS_COMPLIC	female
OFFICIAL_TILASTOKESKUS_DEATH	both
OSTEON_DRUGS	both
OSTEOPOROSIS_FRACTURE_FG	both
OSTPOPATFRACTURE	both
OSTPOPATFRCTURE_POSTEMENO	female
OTHER_DRUGADVERS_SECONDA_PARKINSONI	both
OTHER_SYSTCON_FG	both
P16_BACTERIAL_SEPSIS_NEWBO	female
P16_BIRTHINJY_PERIP_NERVOUS_SYSTEM	female
P16_BIRTH_ASPHYXIA	female
P16_BIRTH_TRAUMA	female
P16_CARDIOV_DISORD_ORIGINA_PERINA_PERIOD	female
P16_CHRONIC_RESPI_DISEA_ORIGINA_PERINA_PERIOD	female
P16_DISORD_MUSCLE_TONE_NEWBO	female
P16_DISORD_RELATED_GESTATION_LOW_BIRTHWGHTT_NECIFIED	female
P16_DISORD_RELATED_LONG_GESTATION_HIGH_BIRTHWGHTT	female
P16_FEEDI_PROBL_NEWBO	female
P16_FETAL_DEATH_UNSP_CAUSE	female
P16_FET_NEWB_COMPLICATIO_PLACEN_CORD_MEMBRANES	female
P16_FET_NEWB_MATERN_COMPLICATIO_PREGNAC	female
P16_FET_NEWB_MATERN_COND_UNREL_PRESENT_PREGNAC	female
P16_FET_NEWB_MATERN_FACTO_COMPLICATIO_PREGNAC_LABOUR_DELIV	female
P16_FET_NEWB_OTH_COMPLICATIO_LABOUR_DELIV	female
P16_INFECTIONS_SPECIFIC_PERINA_PERIOD	female
P16_INTERSTITIAL_EMPHY_RELATED_COND_ORIGINA_PERINA_PERIOD	female
P16_NEONTAL_JAUND_OTH_UNSP_CAUSES	female
P16_OTH_DISORD_ORIGINA_PERINA_PERIOD	female
P16_OTH_INFECTIONS_SPECIFIC_PERINA_PERIOD	female
P16_OTH_PERINA_HAEMATOL_DISORD	female
P16_RESPI_CARDIOV_DISORD_SPECIFIC_PERINA_PERIOD	female
P16_RESPI_DISTR_NEWBO	female
P16_SLOW_FETAL_GROWTH_FETAL_MALNUTRITION	female
P16_TRANSITO_DISORD_CARBOH_METABOLISM_SPECIFIC_FETUS_NEWBO	female
PAIN	both
PD2ND_EXMORE	both
PD_DEMENTIA_EXMORE	both
PHANTOMLIMB	both
PHLEBI_THROMBOP_LOWER_EXTREMITI_UNSPE	both
PHLEBI_THROMBOP_OTHER_DEEP_VESSE_LOWER_EXTREMITI	both
PHLEBI_THROMBOP_SUPERF_VESSE_LOWER_EXTREMITI	both
PNEUMO_SEPTHICHE	both
POLLENALLERG	both
POLYCYTVERA	both
PRIM_COXARTHROSIS	both
PRIM_KNEEARTHROSIS	both
PSORI_STRICT	both
PULM_INFECTIONS	both
Q17_ABSENCE_OF_ONE_KIDNEY	both
Q17_ABSENCE_OF_ONE_KIDNEY_WIDE	both
Q17_ACCESSORY_BREAST	female
Q17_ALPORT	both
Q17_ANKYLOGLOSSIA	both
Q17_AORTIC_STENOSIS	both
Q17_AORTIC_STENOSIS_WIDE	both
Q17_APVR	both
Q17_ARNOLD_CHIARI_SYNDROME	both
Q17_ARTERIOVENOUS_MALFORMATION_OF_CEREBRAL_VESSELS	both
Q17_ARTERIOVENOUS_MALFORMATION_OF_PERIPHERAL_VESSELS	both
Q17_ASD	both
Q17_ATRIAL_SEPTAL_DEFECT_SECUNDUM_TYPE	both
Q17_AVSD	both
Q17_BALANC_REARR_STRUCTURAL_MARKERS_NOT_ELSEW_CLASSIFIED	both
Q17_BICORNUATE_UTERUS	female
Q17_BICUSP_AORTIC_VALVE	both
Q17_BILATERAL_CRYPTORCHIDISM	both
Q17_CHROMOSOMAL_ABNORMALITI_NOT_ELSEW_CLASSIFIED	both
Q17_CLEFT_AND_CARIES	both
Q17_CLEFT_HARD_PALATE_NOS	both
Q17_CLEFT_LIP	both
Q17_CLEFT_LIP_CLEFT_PALATE	both
Q17_CLEFT_LIP_OR_LIP_AND_PALATE	both
Q17_CLEFT_PALATE	both
Q17_CLUBFOOT	both
Q17_COARCTATION_OF_THE_AORTA	both
Q17_COMPLEX_CARD_DEFEC	both
Q17_CONGENITAL_ABSENCE_OCCLUSION_OR_NARROWING_OF_THE_EAR_CANAL	both
Q17_CONGENITAL_AORTIC_VALVE_STENOSIS	both
Q17_CONGENITAL_CATARACT	both
Q17_CONGENITAL_DISLOCATION_OF_HIP_UNILATERAL	both
Q17_CONGENITAL_MITRAL_VALVE_REGURGITATION	both
Q17_CONGENITAL_NASOLACRIMAL_DUCT_OBSTRUCTION_OR_STENOSIS	both
Q17_CONGENITAL_NASOLACRIMAL_DUCT_OBSTRUCTION_OR_STENOSIS_WIDE	both
Q17_CONGENITAL_OBSTRUCTION_OF_THE_PELVIURETERIC_JUNCTION	both
Q17_CONGENITAL_OVARIAN_CYSTS	female
Q17_CONGENITAL_PTOSIS	both
Q17_CONGENITAL_PTOSIS_WIDE	both
Q17_CONGENITAL_RETINOSCHISIS	both
Q17_CONGENITAL_STENOSIS_OF_PULMONARY_VALVE	both
Q17_CONGENITAL_VARICOSE_VEINS	both
Q17_CONGENITAL_VESICOURETERAL_REFLUX	both
Q17_CONGEN_ABSENCE_ATRES_STENO_LARGE_INTESTINE	both
Q17_CONGEN_DEFORMITI_FEET	both
Q17_CONGEN_DEFORMITI_FEET_WIDE	both
Q17_CONGEN_DEFORMITI_HIP	both
Q17_CONGEN_DEFORMITI_HIP_WIDE	both
Q17_CONGEN_HYDROCEPHALUS	both
Q17_CONGEN_ICHTHYOSIS	both
Q17_CONGEN_LENS_MALFO	both
Q17_CONGEN_MALFO_ANTER_SEGMENT_EYE	both
Q17_CONGEN_MALFO_BILI	both
Q17_CONGEN_MALFO_BREAST	female
Q17_CONGEN_MALFO_BREAST_WIDE	female
Q17_CONGEN_MALFO_CARDIAC_CHAMB_CONNECTIO	both
Q17_CONGEN_MALFO_CIRCULATO_SYSTEM	both
Q17_CONGEN_MALFO_DEFORMAT_CHROMOSOMAL_ABNORMALITI_WIDE	both
Q17_CONGEN_MALFO_DEFORMAT_MUSCULOS_SYSTEM	both
Q17_CONGEN_MALFO_DEFORMAT_MUSCULOS_SYSTEM_WIDE	both
Q17_CONGEN_MALFO_EAR_CAUSI_IMPAIRM_HEARING	both
Q17_CONGEN_MALFO_EYELID_LACRIMAL_APPARA_ORBIT	both
Q17_CONGEN_MALFO_EYELID_LACRIMAL_APPARA_ORBIT_WIDE	both
Q17_CONGEN_MALFO_EYE_EAR_FACE_NECK	both
Q17_CONGEN_MALFO_GALLB_BILE_DUCTS_LIVER	both
Q17_CONGEN_MALFO_GENITAL_ORGANS	both
Q17_CONGEN_MALFO_GREAT_ARTERIES	both
Q17_CONGEN_MALFO_GREAT_VEINS	both
Q17_CONGEN_MALFO_LARYNX	both
Q17_CONGEN_MALFO_LUNG	both
Q17_CONGEN_MALFO_LUNG_WIDE	both
Q17_CONGEN_MALFO_MUSCULOS_SYSTEM_NOT_ELSEW_CLASSIFIED	both
Q17_CONGEN_MALFO_MUSCULOS_SYSTEM_NOT_ELSEW_CLASSIFIED_WIDE	both
Q17_CONGEN_MALFO_NERVOUS_SYSTEM	both
Q17_CONGEN_MALFO_NOSE	both
Q17_CONGEN_MALFO_NOSE_WIDE	both
Q17_CONGEN_MALFO_OESOPHAGUS	both
Q17_CONGEN_MALFO_OESOPHAGUS_WIDE	both
Q17_CONGEN_MALFO_OVARIES_FALLOP_TUBES_BROAD_LIGAM	female
Q17_CONGEN_MALFO_POSTERI_SEGMENT_EYE	both
Q17_CONGEN_MALFO_PULMONARY_TRICU_VALVES	both
Q17_CONGEN_MALFO_RESPI_SYSTEM	both
Q17_CONGEN_MALFO_RESPI_SYSTEM_WIDE	both
Q17_CONGEN_MALFO_RETI	both
Q17_CONGEN_MALFO_SPINE_BONY_THORAX	both
Q17_CONGEN_MALFO_SPINE_BONY_THORAX_WIDE	both
Q17_CONGEN_MALFO_TRACHEA_BRONCHUS	both
Q17_CONGEN_MALFO_URINARY_SYSTEM	both
Q17_CONGEN_MALFO_URINARY_SYSTEM_WIDE	both
Q17_CONGEN_MALFO_UTERUS_CERVIX	female
Q17_CONGEN_MUSCULOS_DEFORMITI_HEAD_FACE_SPINE_CHEST	both
Q17_CONGEN_MUSCULOS_DEFORMITI_HEAD_FACE_SPINE_CHEST_WIDE	both
Q17_CONGEN_OBSTRUCTIVE_DEFECTS_RENAL_PELVIS_CONGEN_MALFO_URETER	both
Q17_CONOTR_DEFEC	both
Q17_CRANIOSYNOSTOSIS	both
Q17_CYSTIC_DISEASE_OF_LIVER	both
Q17_CYSTIC_KIDNEY_DISEA	both
Q17_CYSTIC_KIDNEY_DISEA_WIDE	both
Q17_DOWNS_SYNDR	both
Q17_EBSTEINS_ANOMALY	both
Q17_ECTOPIC_TESTIS	male
Q17_EHLER_SYNDR	both
Q17_EHLER_SYNDR_WIDE	both
Q17_EPIDERMOL_BULLOSA	both
Q17_ESOPHAGEAL_DIVERTICULUM	both
Q17_ESOPHAGEAL_DIVERTICULUM_WIDE	both
Q17_FAMILIAL_BENIGN_PEMPHIGUS	both
Q17_HEREDITARY_LYMPHEDEMA	both
Q17_HEREDITARY_LYMPHEDEMA_WIDE	both
Q17_HYPOSPADIAS	both
Q17_HYPOSPADIAS_WITH_AN_INCOMPLETE_GLANS_PENIS	male
Q17_IMPERFORATE_HYMEN	both
Q17_LVOTO_BROAD	both
Q17_LVOTO_NARROW	both
Q17_MARFAN	both
Q17_MASTOCYTOSIS	both
Q17_MECKELS_DIVERTICULUM	both
Q17_MEDULLARY_CYSTIC_KIDNEY_DISEASE_NEPHRONOPHTHISIS	both
Q17_MICROTIA	both
Q17_MONOSOMI_DELET_AUTOSOMES_NOT_ELSEW_CLASSIFIED	both
Q17_MULTIPLE_CONGENITAL_EXOSTOSES	both
Q17_MULTIPLE_CONGENITAL_EXOSTOSES_WIDE	both
Q17_NEUROFIBROMATOSIS_1	both
Q17_NEUROFIBROMATOSIS_2	both
Q17_OSTEOCHONDROD_W_DEFECTS_GROWTH_TUBULAR_BONES_SPINE	both
Q17_OSTEOGEN_IMPERFECTA	both
Q17_OTHER_CHROMOSOME_ABNORMALITI_NOT_ELSEW_CLASSIFIED	both
Q17_OTHER_CONGEN_MALFO	both
Q17_OTHER_CONGEN_MALFO_BRAIN	both
Q17_OTHER_CONGEN_MALFO_CIRCULATO_SYSTEM	both
Q17_OTHER_CONGEN_MALFO_DIGES_SYSTEM1	both
Q17_OTHER_CONGEN_MALFO_DIGES_SYSTEM1_WIDE	both
Q17_OTHER_CONGEN_MALFO_DIGES_SYSTEM2	both
Q17_OTHER_CONGEN_MALFO_EAR	both
Q17_OTHER_CONGEN_MALFO_FACE_NECK	both
Q17_OTHER_CONGEN_MALFO_FEMALE_GENITALIA	female
Q17_OTHER_CONGEN_MALFO_HEART	both
Q17_OTHER_CONGEN_MALFO_INTEG_WIDE	both
Q17_OTHER_CONGEN_MALFO_INTESTINE	both
Q17_OTHER_CONGEN_MALFO_INTESTINE_WIDE	both
Q17_OTHER_CONGEN_MALFO_KIDNEY	both
Q17_OTHER_CONGEN_MALFO_LIMBS	both
Q17_OTHER_CONGEN_MALFO_MALE_GENITAL_ORGANS	both
Q17_OTHER_CONGEN_MALFO_MALE_GENITAL_ORGANS_WIDE	both
Q17_OTHER_CONGEN_MALFO_NERVOUS_SYSTEM	both
Q17_OTHER_CONGEN_MALFO_NOT_ELSEW_CLASSIFIED	both
Q17_OTHER_CONGEN_MALFO_PERIP_VASCULAR_SYSTEM	both
Q17_OTHER_CONGEN_MALFO_RESPI_SYSTEM	both
Q17_OTHER_CONGEN_MALFO_SKIN	both
Q17_OTHER_CONGEN_MALFO_SKIN_WIDE	both
Q17_OTHER_CONGEN_MALFO_SKULL_FACE_BONES	both
Q17_OTHER_CONGEN_MALFO_TONGUE_MOUTH_PHARYNX	both
Q17_OTHER_CONGEN_MALFO_TONGUE_MOUTH_PHARYNX_WIDE	both
Q17_OTHER_CONGEN_MALFO_UPPER_ALIME_TRACT	both
Q17_OTHER_CONGEN_MALFO_URINARY_SYSTEM	both
Q17_OTHER_CONGEN_MALFO_WIDE	both
Q17_OTHER_CONGEN_MUSCULOS_DEFORMITI	both
Q17_OTHER_CONGEN_MUSCULOS_DEFORMITI_WIDE	both
Q17_OTHER_OSTEOCHONDROD	both
Q17_OTHER_OSTEOCHONDROD_WIDE	both
Q17_OTHER_SEX_CHROMOSOME_ABNORMALITI_MALE_PHENOT_NOT_ELSEW_CLASSIFIED	both
Q17_OTHER_SPECIFE_CONGEN_MALFO_SYNDR_AFFECTING_MULTIPLE_SYSTEMS	both
Q17_PATENT_FORAMEN_OVALE	both
Q17_PDA	both
Q17_PECTUS_CARINATUM_WIDE	both
Q17_PECTUS_EXCAVATUM	both
Q17_PECTUS_EXCAVATUM_WIDE	both
Q17_PHAKOMATOSES_NOT_ELSEW_CLASSIFIED	both
Q17_POLYCYSTIC_KIDNEY_DISEASE	both
Q17_PROMINENT_EARS	both
Q17_REDUCT_DEFECTS_LOWER_LIMB	both
Q17_REDUCT_DEFECTS_LOWER_LIMB_WIDE	both
Q17_REDUCT_DEFECTS_UPPER_LIMB	both
Q17_REDUCT_DEFECTS_UPPER_LIMB_WIDE	both
Q17_RENAL_AGENE_OTHER_REDUCT_DEFECTS_KIDNEY	both
Q17_RENAL_AGENE_OTHER_REDUCT_DEFECTS_KIDNEY_WIDE	both
Q17_RVOTO	both
Q17_SEPTA_DEFEC	both
Q17_SINGLE_VENTRICLE_HEART	both
Q17_SPINA_BIFIDA	both
Q17_SUPERNUMERARY_URETER	both
Q17_SYNDACTYLY	both
Q17_SYNDACTYLY_WIDE	both
Q17_TETRALOGY_OF_FALLOT	both
Q17_TRISOMY_21_DUE_TO_MEIOTIC_NONDISJUNCTION	both
Q17_TUBEROUS_SCLEROSIS	both
Q17_UNDESCENDED_TESTIS_UNILATERAL	male
Q17_UNDES_TESTICLE	both
Q17_UNICORNUATE_UTERUS	female
Q17_VACTREL	both
Q17_VACTREL_WIDE	both
Q17_VENTRICULAR_SEPTAL_DEFECT	both
R18_ANOREXIA	both
R18_MALAI_FATIG	both
R18_RETEN_URINE	both
REITER	both
RESP_ILL_DIS_CLASS_ELSEWHERE	both
RHEUMAT_LUNG	both
RHEUMA_ARHTROPAT_REACTIVE	both
RHEUMA_NOS	both
RHEUMA_OTHER_WIDE	both
RHEUMA_SERONEG	both
RHEUMA_SEROPOS_STRICT	both
RHEUMA_SEROPOS_WIDE	both
RHEU_ARTHRITIS_OTH	both
RHINITIS_VASOMOTOR	both
RX_ANTIHYP	both
RX_ASTMA_BIOL	both
RX_CODEINE_TRAMADOL	both
RX_CROHN_1STLINE	both
RX_CROHN_2NDLINE	both
RX_GLUCOSAMINE	both
RX_INFERTILITY	female
RX_N05C	both
RX_PARACETAMOL_NSAID	both
RX_RHEUMA_BIOLOGICAL	both
RX_STATIN	both
SCND_OTH_COXARTHROSIS	both
SCND_OTH_KNEEARTHROSIS	both
SFN	both
SLEEP	both
SLE_FG	both
SLE_OTH	both
SMOKING_DEPEND	both
SPONDYLOARTHRITIS	both
SPONDYLOPATHY_FG	both
ST19_FRACT_FEMUR	both
ST19_FRACT_FOOT_ANKLE	both
ST19_FRACT_FOREA	both
ST19_FRACT_INVOLVI_MULTIPLE_BODY_REGIONS	both
ST19_FRACT_LOWER_LEG_INCLU_ANKLE	both
ST19_FRACT_LUMBAR_SPINE_PELVIS	both
ST19_FRACT_NECK	both
ST19_FRACT_RIBS_STERNUM_THORACIC_SPINE	both
ST19_FRACT_SHOUL_UPPER_ARM	both
ST19_FRACT_SKULL_FACIAL_BONES	both
ST19_FRACT_SPINE_LEVEL_UNSPE	both
ST19_FRACT_WRIST_HAND_LEVEL	both
ST19_TOXIC_EFFECT_ALCOHOL	both
ST19_TOXIC_EFFECT_ETHAN	both
STILL_ADULT	both
SYSTINOTH_FG	both
SYSTSCLE_STRICT	both
T1D_EARLY	both
T1D_STRICT2	both
T1D_WIDE	both
T2D	both
T2D_WIDE	both
TBC_RESP	both
TEMPOROMANDIB_INCLAVO	both
THROMBOCYTAEMIA	both
THYROIDITIS	both
THYROTOXICOSIS	both
TONGUEABNORMALITY	both
TRACHEOBRONCHOMAL	both
TRAUMBRAIN_NONCONCUS	both
U22_COVID19_CONFIRMED	both
U22_COVID19_SUSPECTED	both
ULCERENTER	both
ULCERILEO	both
ULCERNAS	both
ULCEROTH	both
ULCERPROCT	both
ULCERRECT	both
ULCER_ARTHR	both
VAGINAL_LICHEN_PLANUS	female
VD_MI	both
VD_MX	both
VD_O	both
VD_SC	both
VD_SO	both
VD_U	both
VIRALPNEUMOKNOWN	both
VIRALPNEUMONAS	both
VIT_DEF	both
VOCALCORDDYS	both
VWXY20_SUICI_OTHER_INTENTI_SELF_H	both
WEIGHT_IRN	both
WET_AMD	both
YERSINIAENTERITIS	both
Z21_ASYMP_HUMAN_IMMUNODEFICIENCY_VIRUS_HIV_INFECTION_STATUS	both
Z21_KIDNEY_TRANSPLANT_STATUS	both
Z21_LUNG_TRANSPLANT_STATUS	both
Z21_PREVIOUS_SUICIDE_ATTEMPT	both
Z21_PROBL_RELATED_MEDICAL_FACILITI_OTH_HEALTH_CARE	both
Z21_PROCREATIVE_MANAG	both
Z21_TOBAC_USE	both
