canonical,k,category,acat_label,accession,in_acat_female,in_acat_male,fusios_endpoint,finngen_endpoint,rhoGE_female,rhoGE_male,rg_female,rg_male
Abnormal Thrombosis,abnormalthrombosis,Cardiovascular,Abnormal_thrombosis,GCST90476007,TRUE,TRUE,Abnormal_Thrombosis,"",0.016,0.006,0.118,0.116
Acne,acne,Immune / Inflammatory,acne,GCST90245818,TRUE,TRUE,Acne,L12_ACNE,-0.016,0.001,-0.112,0.022
ADHD,adhd,Neuropsychiatric,adhd,"",TRUE,TRUE,ADHD,"",0.073,0.089,0.349,0.406
Alopecia Areata,alopeciaareata,Immune / Inflammatory,Alopecia_Areata,GCST90480473,TRUE,TRUE,Alopecia_Areata,"",-0.004,-0.003,-0.057,-0.261
Alzheimers  Disease,alzheimersdisease,Neuropsychiatric,Alzheimer2022,GCST90027158,TRUE,TRUE,Alzheimers_Disease,G6_ALZHEIMER,0.016,-0.057,-0.003,-0.128
Aortic Valve Stenosis,aorticvalvestenosis,Cardiovascular,Aortic_valve_stenosis,GCST90480118,TRUE,TRUE,Aortic_Valve_Stenosis,"",0.009,0.013,0.449,0.211
Asthma Pneumonia,asthmapneumonia,Immune / Inflammatory,ASTHMA_PNEUMONIA,"",TRUE,TRUE,Asthma_Pneumonia,"",0.037,0.027,0.309,0.35
Atopic Dermatitis Eczema,atopicdermatitiseczema,Immune / Inflammatory,Atopiderm-eczemaGCST90503108k1,GCST90503108,TRUE,TRUE,Atopic_Dermatitis_Eczema,"",-0.006,0.021,0.054,0.148
Atrial Fibrillation,atrialfibrillation,Cardiovascular,Atrialfibrillation,GCST90449054,TRUE,TRUE,Atrial_Fibrillation,I9_AF,0.022,0.03,0.03,0.126
Autism Spectrum Disorder,autismspectrumdisorder,Neuropsychiatric,autism,"",TRUE,TRUE,Autism_Spectrum_Disorder,"",0.005,-0.001,-0.01,-0.209
Benign Prostatic Hyperplasia,benignprostatichyperplasia,Reproductive,Hyperplasiaofprostate,"",FALSE,TRUE,Benign_Prostatic_Hyperplasia,"",-0.014,-0.002,-0.091,0.07
Bipolar Disorder,bipolardisorder,Neuropsychiatric,bip,"",TRUE,TRUE,Bipolar_Disorder,F5_BIPO,0.031,0.023,0.083,0.019
Bladder Cancer,bladdercancer,Cancers,Bladder_Cancer,GCST90475598,TRUE,TRUE,Bladder_Cancer,"",0.013,0.017,0.055,-0.012
Blood Clot Lung,bloodclotlung,Cardiovascular,Blood_Clot_Lung,"",TRUE,TRUE,Blood_Clot_Lung,"",0.027,0.036,0.236,0.155
Borderline Personality Disorder,borderlinepersonalitydisorder,Neuropsychiatric,Borderline_personality_disorder,"",TRUE,TRUE,Borderline_Personality_Disorder,"",0.047,0.04,0.293,0.251
Brain Cancer,braincancer,Cancers,braincancer,GCST90479812,TRUE,TRUE,Brain_Cancer,"",0.02,-0.008,-0.184,-0.018
Breast Cancer,breastcancer,Cancers,EFO_0000305Breastcancer.h.tsv.gz1,GCST004988,TRUE,FALSE,Breast_Cancer,"",-0.013,-0.008,-0.045,-0.025
Cataract,cataract,Ophthalmic,Cataract,GCST90014268,TRUE,TRUE,Cataract,H7_CATARACTSENILE,0.025,0.018,0.06,0.03
Chronic Kidney Disease,chronickidneydisease,Renal / Urological,chronickidneydisease,GCST008064,TRUE,TRUE,Chronic_Kidney_Disease,N14_CHRONKIDNEYDIS,0.009,-0.012,-0.004,0.037
Colorectal Cancer,colorectalcancer,Cancers,tsvColorectalcancer1,GCST90428118,TRUE,TRUE,Colorectal_Cancer,"",0.003,0.014,-0.008,-0.052
COPD,copd,Respiratory,Chronic_obstructive_pulmonary_disease,GCST90244098,TRUE,TRUE,COPD,"",-0.013,0.014,-0.029,0.02
Coronary Artery Disease,coronaryarterydisease,Cardiovascular,cad,"",TRUE,TRUE,Coronary_Artery_Disease,I9_CHD,0.041,0.039,0.122,0.091
Crohns Disease,crohnsdisease,Immune / Inflammatory,Crohns_Disease,GCST003044,TRUE,TRUE,Crohns_Disease,K11_CD_STRICT2,-0.017,-0.005,-0.024,0.018
Deep Vein Thrombosis,deepveinthrombosis,Cardiovascular,Deep_Vein_Thrombosis,GCST90476010,TRUE,TRUE,Deep_Vein_Thrombosis,"",0.01,0,0.066,0.044
Endometrial Cancer,endometrialcancer,Cancers,endometrialcancerwu,"",TRUE,FALSE,Endometrial_Cancer,"",-0.01,-0.013,-0.119,-0.129
Endometriosis,endometriosis,Reproductive,Endometriosis,GCST90454213,TRUE,FALSE,Endometriosis,N14_ENDOMETRIOSIS,0.004,0.014,0.032,0.113
Esophageal Cancer,esophagealcancer,Cancers,esophagealcancerwu,"",TRUE,TRUE,Esophageal_Cancer,"",0.009,0.015,-0.005,0.086
Frontotemporal Dementia,frontotemporaldementia,Neuropsychiatric,frontotemporaldementiaGCST90558314,GCST90558314,TRUE,TRUE,Frontotemporal_Dementia,"",0.01,0.005,0.033,-0.059
Gallstones,gallstones,Digestive,Gallstones,GCST90128518,TRUE,TRUE,Gallstones,"",0.034,0.013,0.13,0.196
Gastric Cancer,gastriccancer,Cancers,Gastric_Cancer,GCST90479780,TRUE,TRUE,Gastric_Cancer,"",0.003,0.018,0.204,0.266
Gestational Diabetes,gestationaldiabetes,Metabolic,Gestational_diabetes,GCST90454236,TRUE,FALSE,Gestational_Diabetes,"",0.04,0.027,0.249,0.303
Gout,gout,Metabolic,gout,GCST90399702,TRUE,TRUE,Gout,M13_GOUT,0.024,-0.011,0.074,0.083
Graves Disease,gravesdisease,Immune / Inflammatory,GravesDisease,GCST90627745,TRUE,TRUE,Graves_Disease,E4_GRAVES_STRICT,-0.001,-0.004,-0.004,-0.029
Hay Fever,hayfever,Immune / Inflammatory,hayfever,"",TRUE,TRUE,Hay_Fever,"",0.013,-0.007,0.008,-0.082
Head Neck Cancer,headneckcancer,Cancers,Head_Neck_Cancer,GCST90479818,TRUE,TRUE,Head_Neck_Cancer,"",0.01,0.011,0.21,0.32
Hearing Loss,hearingloss,Hematologic / Sensory,Hearing_loss,GCST90044775,TRUE,TRUE,Hearing_Loss,"",0.038,0.007,0.058,0.08
Heart Failure,heartfailure,Cardiovascular,GCST90455657Heartfailure,GCST90455657,TRUE,TRUE,Heart_Failure,I9_HEARTFAIL,0.051,0.069,0.174,0.184
High Myopia,highmyopia,Other,GCST009962Highmyopia1,GCST009962,TRUE,TRUE,High_Myopia,"",-0.026,-0.041,-0.161,-0.275
Hodgkins Lymphoma,hodgkinslymphoma,Cancers,Hodgkins_lymphoma,GCST90624742,TRUE,TRUE,Hodgkins_Lymphoma,"",-0.03,0.023,-0.163,-0.089
Hypercholesterolemia,hypercholesterolemia,Cardiovascular,Hypercholesterolemia,GCST90468134,TRUE,TRUE,Hypercholesterolemia,"",0.018,0.003,0.074,0.111
Hypertension,hypertension,Cardiovascular,Hypertension,GCST90309346,TRUE,TRUE,Hypertension,I9_HYPTENS,0.008,-0.001,0.01,0.062
Hypertrophic Cardiomyopathy,hypertrophiccardiomyopathy,Cardiovascular,HypertrophiccardiomyopathyGCST90435256tsv,GCST90435256,TRUE,TRUE,Hypertrophic_Cardiomyopathy,I9_HYPERTROCARDMYOP,-0.003,0.022,0.01,0.099
Hypothyroidism,hypothyroidism,Immune / Inflammatory,Hypothyroidism1,GCST90319320,TRUE,TRUE,Hypothyroidism,E4_HYTHY_AI_STRICT,0.032,0.009,0.095,0.003
Idiopathic Pulmonary Fibrosis,idiopathicpulmonaryfibrosis,Respiratory,Idiopathic_pulmonary_fibrosis,GCST009758,TRUE,TRUE,Idiopathic_Pulmonary_Fibrosis,IPF,-0.003,0.005,0.046,0.143
Inflammatory Bowel Disease,inflammatoryboweldisease,Immune / Inflammatory,ibd,GCST003043,TRUE,TRUE,Inflammatory_Bowel_Disease,"",-0.021,-0.025,-0.039,-0.017
Insomnia,insomnia,Neuropsychiatric,Insomnia,GCST90267286,TRUE,TRUE,Insomnia,F5_INSOMNIA,0.032,0,0.096,0.023
Iron Deficiency Anemia,irondeficiencyanemia,Hematologic / Sensory,Iron_Deficiency_Anemia,GCST90479958,TRUE,TRUE,Iron_Deficiency_Anemia,"",0.005,0.012,0.105,0.088
Kidney Stones,kidneystones,Renal / Urological,Kidney_Stones,GCST90476145,TRUE,TRUE,Kidney_Stones,"",0.017,0.01,0.023,0.082
Leukemia,leukemia,Cancers,Leukemia,GCST90475611,TRUE,TRUE,Leukemia,"",-0.021,-0.007,-0.07,0.017
Lewy Body Dementia,lewybodydementia,Neuropsychiatric,EFO_0006792Lewybodydementia,GCST90001390,TRUE,TRUE,Lewy_Body_Dementia,"",-0.004,-0.012,-0.029,-0.094
Liver Cancer,livercancer,Cancers,livercancer,GCST90479784,TRUE,TRUE,Liver_Cancer,"",0.024,0.007,0.226,0.145
Lung Cancer,lungcancer,Cancers,lungcarcinoma,GCST004748,TRUE,TRUE,Lung_Cancer,"",0.021,0.026,0.096,0.215
Macular Degeneration,maculardegeneration,Ophthalmic,Macular_Degeneration,GCST90475851,TRUE,TRUE,Macular_Degeneration,H7_AMD,-0.005,0.018,0.048,0.068
Major Depressive Disorder,majordepressivedisorder,Neuropsychiatric,majordepressivedisorder,GCST006475,TRUE,TRUE,Major_Depressive_Disorder,"",0.045,0.007,0.04,0.044
Melanoma,melanoma,Cancers,Melanoma,GCST90011809,TRUE,TRUE,Melanoma,"",0.009,-0.015,-0.047,0.026
Multiple Myeloma,multiplemyeloma,Cancers,Multiple_Myeloma,GCST90624746,TRUE,TRUE,Multiple_Myeloma,"",-0.012,-0.007,-0.14,0.182
Myasthenia Gravis,myastheniagravis,Immune / Inflammatory,Myasthenia_gravis,GCST90432156,TRUE,TRUE,Myasthenia_Gravis,"",0.016,0.012,0.055,0.063
Myocardial Infarction,myocardialinfarction,Cardiovascular,myocardialinfarction,GCST90018877,TRUE,TRUE,Myocardial_Infarction,I9_MI_STRICT,0.042,0.046,0.144,0.217
Nephrotic Syndrome,nephroticsyndrome,Renal / Urological,Nephrotic_syndrome,GCST90258619,TRUE,TRUE,Nephrotic_Syndrome,"",0.017,-0.002,0.179,0.058
Non-Hodgkins Lymphoma,nonhodgkinslymphoma,Cancers,non-Hodgkins_lymphoma,GCST90011819,TRUE,TRUE,Non_Hodgkins_Lymphoma,"",-0.014,-0.004,-0.154,0.019
Obesity,obesity,Metabolic,obesity,"",TRUE,TRUE,Obesity,E4_OBESITY,0.016,0.006,0.245,0.267
Obstructive Sleep Apnea,obstructivesleepapnea,Neuropsychiatric,Obstructive_Sleep_Apnea,GCST90475825,TRUE,TRUE,Obstructive_Sleep_Apnea,"",0.02,0.056,0.17,0.244
OpenAngle Glaucoma,openangleglaucoma,Ophthalmic,GCST90011770Open-angleglaucoma,GCST90011770,TRUE,TRUE,OpenAngle_Glaucoma,"",0.002,0.029,-0.02,0.044
Osteoarthritis,osteoarthritis,Musculoskeletal,GCST90134288.h.osteoarthritis,GCST90134288,TRUE,TRUE,Osteoarthritis,"",0.059,0.081,0.244,0.386
Osteoporosis,osteoporosis,Musculoskeletal,Osteoporosis,GCST90018887,TRUE,TRUE,Osteoporosis,M13_OSTEOPOROSIS,-0.007,-0.013,0.063,-0.096
Ovarian Cancer,ovariancancer,Cancers,ovariancancerwu,"",TRUE,FALSE,Ovarian_Cancer,"",-0.016,0.003,-0.05,-0.136
Pancreatic Cancer,pancreaticcancer,Cancers,Pancreatic_Cancer,GCST90011815,TRUE,TRUE,Pancreatic_Cancer,"",-0.019,0.003,-0.425,0.141
Panic Disorder,panicdisorder,Neuropsychiatric,Panic,"",TRUE,TRUE,Panic_Disorder,F5_PANIC,-0.005,0.016,0.056,-0.025
Parkinsons Disease,parkinsonsdisease,Neuropsychiatric,parkinson1,GCST009325,TRUE,TRUE,Parkinsons_Disease,G6_PARKINSON,-0.011,-0.031,-0.092,-0.048
Polycystic Ovary Syndrome,polycysticovarysyndrome,Reproductive,Polycystic_ovary_syndrome,GCST90454205,TRUE,FALSE,Polycystic_Ovary_Syndrome,"",-0.001,-0.014,-0.078,0.049
Preeclampsia,preeclampsia,Reproductive,Preeclampsia,GCST90269904,TRUE,FALSE,Preeclampsia,"",-0.008,-0.001,-0.05,-0.03
Primary Biliary Cirrhosis,primarybiliarycirrhosis,Immune / Inflammatory,Primary_biliary_cirrhosis,GCST90061440,TRUE,TRUE,Primary_Biliary_Cirrhosis,"",0.006,-0.006,0.029,-0.036
Prostate Cancer,prostatecancer,Cancers,GCST90274714Prostatecancer,GCST90274714,FALSE,TRUE,Prostate_Cancer,"",-0.006,0.001,-0.029,-0.026
Psoriasis,psoriasis,Immune / Inflammatory,psoriasisGCST90472771,GCST90472771,TRUE,TRUE,Psoriasis,L12_PSORIASIS,0.012,-0.015,0.05,0.068
PTSD,ptsd,Neuropsychiatric,ptsd,"",TRUE,TRUE,PTSD,"",0.02,0.018,0.219,0.127
Raynauds Disease,raynaudsdisease,Cardiovascular,Raynaud_disease,GCST90448187,TRUE,TRUE,Raynauds_Disease,"",-0.018,0.003,-0.033,0.025
Renal Cancer,renalcancer,Cancers,renalcancerwu,"",TRUE,TRUE,Renal_Cancer,"",0.001,0.032,0.07,0.089
Restless Legs Syndrome,restlesslegssyndrome,Neuropsychiatric,Restless_Legs_Syndrome,GCST90475829,TRUE,TRUE,Restless_Legs_Syndrome,"",0.008,0.031,0.07,0.147
Rheumatoid Arthritis,rheumatoidarthritis,Immune / Inflammatory,rheumatoidarthritish,GCST002318,TRUE,TRUE,Rheumatoid_Arthritis,M13_RHEUMA,-0.009,0.024,0.051,0.052
Rosacea,rosacea,Immune / Inflammatory,Rosacea,GCST90480451,TRUE,TRUE,Rosacea,"",-0.017,-0.014,-0.071,-0.034
Sarcoidosis,sarcoidosis,Immune / Inflammatory,sarcoidosisGCST90503482htsv,GCST90503482,TRUE,TRUE,Sarcoidosis,D3_SARCOIDOSIS,0.009,0.004,0.018,-0.029
Schizophrenia,schizophrenia,Neuropsychiatric,scz,"",TRUE,TRUE,Schizophrenia,F5_SCHZPHR,0.022,-0.003,0.061,-0.078
Sepsis,sepsis,Immune / Inflammatory,Sepsis,GCST90451676,TRUE,TRUE,Sepsis,"",0.008,0.01,0.181,0.126
Skin Cancer,skincancer,Cancers,skincancer,GCST90137411,TRUE,TRUE,Skin_Cancer,"",-0.015,0.004,-0.01,0.062
Stroke,stroke,Cardiovascular,stroke,"",TRUE,TRUE,Stroke,C_STROKE,0.026,0.029,0.178,0.239
Systemic Lupus Erythematosus,systemiclupuserythematosus,Immune / Inflammatory,SLE,"",TRUE,TRUE,Systemic_Lupus_Erythematosus,"",-0.006,0.029,0.027,0.1
Testicular Disease,testiculardisease,Cancers,Testicular_disease,GCST90479905,FALSE,TRUE,Testicular_Disease,"",0.038,0.024,0.197,0.231
Thyroid Cancer,thyroidcancer,Cancers,thyroidcancer,GCST90399737,TRUE,TRUE,Thyroid_Cancer,"",0.004,0,-0.028,0.077
Tourette Syndrome,tourettesyndrome,Neuropsychiatric,TSTouretteSyndrome,"",TRUE,TRUE,Tourette_Syndrome,"",0.002,0.019,0.101,-0.005
Tuberculosis,tuberculosis,Immune / Inflammatory,Tuberculosis,GCST90479743,TRUE,TRUE,Tuberculosis,"",0.008,-0.002,0.153,0.038
Type 1 Diabetes,type1diabetes,Immune / Inflammatory,t1d,GCST90013791,TRUE,TRUE,Type_1_Diabetes,"",0.009,-0.013,0.036,-0.061
Type 2 Diabetes,type2diabetes,Metabolic,t2d,GCST90444202,TRUE,TRUE,Type_2_Diabetes,"",0.015,0.028,0.036,0.119
Ulcerative Colitis,ulcerativecolitis,Immune / Inflammatory,ulcerativecolitis1,GCST90018933,TRUE,TRUE,Ulcerative_Colitis,K11_UC_STRICT2,-0.002,-0.006,-0.035,0.059
Uterine Fibroids,uterinefibroids,Reproductive,Uterine_Fibroids,GCST90461957,TRUE,FALSE,Uterine_Fibroids,"",-0.024,-0.006,-0.057,0.005
Uveitis,uveitis,Immune / Inflammatory,Uveitis,GCST90018938,TRUE,TRUE,Uveitis,"",-0.028,0.005,-0.153,0.033
Varicose Veins,varicoseveins,Cardiovascular,Varicoseveins,GCST90018939,TRUE,TRUE,Varicose_Veins,I9_VARICVE,0.012,0.01,0.028,0.08
VitaminD Deficiency,vitaminddeficiency,Metabolic,Vitamin_D_Deficiency,GCST90667552,TRUE,TRUE,VitaminD_Deficiency,"",0.012,-0.002,0.102,0.045
